timestamp_real,timestamp_sim,vehicle_jid,algorithm,num_orders,computation_time_ms,route_length,total_distance,total_fuel,route_nodes
2025-11-19 23:38:57.620,,order_102000000,astar,1,1.021,5,14.273,0.565,"[Node(17), Node(22), Node(23), Node(24), Node(25)]"
2025-11-19 23:38:57.621,,vehiclee1@localhost,astar,1,1.028,0,14.273,0,order_102000000
2025-11-19 23:38:57.625,,order_102000000,astar,1,1.016,5,13.615,0.565,"[Node(17), Node(22), Node(23), Node(24), Node(25)]"
2025-11-19 23:38:57.626,,vehiclee2@localhost,astar,1,1.019,0,13.615,0,order_102000000
2025-11-19 23:38:57.629,,order_102000000,astar,1,1.024,5,14.273,0.565,"[Node(17), Node(22), Node(23), Node(24), Node(25)]"
2025-11-19 23:38:57.631,,vehiclee3@localhost,astar,1,1.573,0,14.273,0,order_102000000
2025-11-19 23:38:58.627,,vehiclee2@localhost,astar,1,1.538,3,13.615,0,"[25, 17, 25]"
2025-11-19 23:39:00.591,,order_102000001,astar,1,1.018,5,14.273,0.565,"[Node(17), Node(22), Node(23), Node(24), Node(25)]"
2025-11-19 23:39:00.593,,vehiclee1@localhost,astar,1,1.025,0,14.273,0,order_102000001
2025-11-19 23:39:00.597,,order_102000001,astar,1,1.531,5,14.273,0.565,"[Node(17), Node(22), Node(23), Node(24), Node(25)]"
2025-11-19 23:39:00.598,,vehiclee3@localhost,astar,1,1.019,0,14.273,0,order_102000001
2025-11-19 23:39:01.611,,vehiclee1@localhost,astar,1,1.026,3,14.273,0,"[24, 17, 25]"
2025-11-19 23:39:05.596,,order_102000002,astar,1,1.023,5,14.273,0.565,"[Node(17), Node(22), Node(23), Node(24), Node(25)]"
2025-11-19 23:39:05.597,,vehiclee3@localhost,astar,1,1.022,0,14.273,0,order_102000002
2025-11-19 23:39:06.566,,vehiclee3@localhost,astar,1,1.024,3,14.273,0,"[24, 17, 25]"
2025-11-19 23:39:08.532,,order_202000000,astar,1,1.027,2,11.239,0.162,"[Node(16), Node(17)]"
2025-11-19 23:39:08.534,,vehiclee1@localhost,astar,1,1.02,3,11.71,0,"[25, 16, 17]"
2025-11-19 23:39:08.536,,order_202000000,astar,1,1.021,2,11.71,0.162,"[Node(16), Node(17)]"
2025-11-19 23:39:08.538,,vehiclee2@localhost,astar,1,1.024,3,11.71,0,"[25, 16, 17]"
2025-11-19 23:39:08.540,,order_202000000,astar,1,1.027,2,11.239,0.162,"[Node(16), Node(17)]"
2025-11-19 23:39:08.542,,vehiclee3@localhost,astar,1,1.53,3,11.71,0,"[25, 16, 17]"
2025-11-19 23:39:10.597,,order_102000003,astar,1,1.026,5,14.273,0.565,"[Node(17), Node(22), Node(23), Node(24), Node(25)]"
2025-11-19 23:39:10.601,,order_102000003,astar,1,1.017,5,13.615,0.565,"[Node(17), Node(22), Node(23), Node(24), Node(25)]"
2025-11-19 23:39:10.604,,order_102000003,astar,1,1.035,5,14.273,0.565,"[Node(17), Node(22), Node(23), Node(24), Node(25)]"
2025-11-19 23:39:11.601,,vehiclee2@localhost,astar,2,2.556,5,13.615,0,"[25, 17, 17, 25, 25]"
2025-11-19 23:39:15.588,,order_102000004,astar,1,1.534,5,10.639,0.565,"[Node(17), Node(22), Node(23), Node(24), Node(25)]"
2025-11-19 23:39:15.592,,order_102000004,astar,1,1.539,5,10.639,0.565,"[Node(17), Node(22), Node(23), Node(24), Node(25)]"
2025-11-19 23:39:15.596,,order_102000004,astar,1,1.026,5,10.639,0.565,"[Node(17), Node(22), Node(23), Node(24), Node(25)]"
2025-11-19 23:39:16.577,,vehiclee2@localhost,astar,3,3.073,7,24.254,0,"[19, 17, 17, 25, 25, 17, 25]"
2025-11-19 23:39:20.591,,order_102000005,astar,1,1.016,5,10.639,0.565,"[Node(17), Node(22), Node(23), Node(24), Node(25)]"
2025-11-19 23:39:20.594,,order_102000005,astar,1,1.023,5,10.639,0.565,"[Node(17), Node(22), Node(23), Node(24), Node(25)]"
2025-11-19 23:39:20.599,,order_102000005,astar,1,1.022,5,10.639,0.565,"[Node(17), Node(22), Node(23), Node(24), Node(25)]"
2025-11-19 23:39:21.581,,vehiclee2@localhost,astar,4,3.063,9,24.254,0,"[19, 17, 17, 25, 25, 17, 17, 25, 25]"
2025-11-19 23:39:25.603,,order_101000000,astar,1,1.023,4,5.062,0.457,"[Node(17), Node(22), Node(23), Node(24)]"
2025-11-19 23:39:25.604,,vehiclee1@localhost,astar,1,1.023,3,11.787,0,"[25, 17, 24]"
2025-11-19 23:39:25.606,,order_101000000,astar,1,1.033,4,5.062,0.457,"[Node(17), Node(22), Node(23), Node(24)]"
2025-11-19 23:39:25.611,,vehiclee2@localhost,astar,1,1.027,3,11.787,0,"[25, 17, 24]"
2025-11-19 23:39:25.613,,order_101000000,astar,1,1.017,4,5.062,0.457,"[Node(17), Node(22), Node(23), Node(24)]"
2025-11-19 23:39:25.614,,vehiclee3@localhost,astar,1,1.019,3,11.787,0,"[25, 17, 24]"
2025-11-19 23:39:25.617,,order_102000006,astar,1,1.026,5,6.89,0.565,"[Node(17), Node(22), Node(23), Node(24), Node(25)]"
2025-11-19 23:39:25.618,,vehiclee1@localhost,astar,1,1.557,3,13.615,0,"[25, 17, 25]"
2025-11-19 23:39:25.620,,order_102000006,astar,1,1.023,5,6.89,0.565,"[Node(17), Node(22), Node(23), Node(24), Node(25)]"
2025-11-19 23:39:25.625,,order_102000006,astar,1,1.525,5,6.89,0.565,"[Node(17), Node(22), Node(23), Node(24), Node(25)]"
2025-11-19 23:39:25.626,,vehiclee3@localhost,astar,1,1.025,3,13.615,0,"[25, 17, 25]"
2025-11-19 23:39:26.602,,vehiclee2@localhost,astar,5,2.042,11,34.12,0,"[17, 17, 17, 25, 25, 17, 17, 25, 25, 17, 25]"
2025-11-19 23:39:30.605,,order_102000007,astar,1,1.045,5,6.89,0.565,"[Node(17), Node(22), Node(23), Node(24), Node(25)]"
2025-11-19 23:39:30.608,,vehiclee1@localhost,astar,2,3.072,5,26.06,0,"[25, 17, 24, 17, 25]"
2025-11-19 23:39:30.610,,order_102000007,astar,1,1.02,5,6.89,0.565,"[Node(17), Node(22), Node(23), Node(24), Node(25)]"
2025-11-19 23:39:30.614,,order_102000007,astar,1,1.531,5,6.89,0.565,"[Node(17), Node(22), Node(23), Node(24), Node(25)]"
2025-11-19 23:39:30.615,,vehiclee3@localhost,astar,1,1.025,3,13.615,0,"[25, 17, 25]"
2025-11-19 23:39:30.617,,order_101000001,astar,1,1.023,4,9.062,0.673,"[Node(3), Node(22), Node(23), Node(24)]"
2025-11-19 23:39:30.622,,vehiclee1@localhost,astar,2,4.096,5,24.953,0,"[25, 17, 24, 3, 24]"
2025-11-19 23:39:30.624,,order_101000001,astar,1,1.03,4,9.062,0.673,"[Node(3), Node(22), Node(23), Node(24)]"
2025-11-19 23:39:30.625,,vehiclee2@localhost,astar,1,1.017,3,14.739,0,"[25, 3, 24]"
2025-11-19 23:39:30.627,,order_101000001,astar,1,1.029,4,9.062,0.673,"[Node(3), Node(22), Node(23), Node(24)]"
2025-11-19 23:39:30.629,,vehiclee3@localhost,astar,1,1.026,3,14.739,0,"[25, 3, 24]"
2025-11-19 23:39:31.601,,vehiclee2@localhost,astar,6,2.043,13,34.12,0,"[17, 17, 17, 25, 25, 17, 17, 25, 25, 17, 17, 25, 25]"
2025-11-19 23:39:33.536,,order_202000001,astar,1,1.531,2,4.985,0.162,"[Node(16), Node(17)]"
2025-11-19 23:39:33.539,,vehiclee1@localhost,astar,2,3.058,5,23.026,0,"[25, 17, 24, 16, 17]"
2025-11-19 23:39:33.541,,order_202000001,astar,1,1.535,2,4.985,0.162,"[Node(16), Node(17)]"
2025-11-19 23:39:33.543,,vehiclee2@localhost,astar,1,1.563,3,11.71,0,"[25, 16, 17]"
2025-11-19 23:39:33.545,,order_202000001,astar,1,1.023,2,4.985,0.162,"[Node(16), Node(17)]"
2025-11-19 23:39:33.548,,vehiclee3@localhost,astar,2,3.575,5,25.978,0,"[25, 3, 24, 16, 17]"
2025-11-19 23:39:35.603,,order_102000008,astar,1,1.022,5,6.89,0.565,"[Node(17), Node(22), Node(23), Node(24), Node(25)]"
2025-11-19 23:39:35.606,,vehiclee1@localhost,astar,2,2.545,5,25.402,0,"[25, 17, 25, 17, 24]"
2025-11-19 23:39:35.608,,order_102000008,astar,1,1.025,5,6.89,0.565,"[Node(17), Node(22), Node(23), Node(24), Node(25)]"
2025-11-19 23:39:35.612,,order_102000008,astar,1,1.023,5,6.89,0.565,"[Node(17), Node(22), Node(23), Node(24), Node(25)]"
2025-11-19 23:39:35.615,,vehiclee3@localhost,astar,2,3.073,5,28.354,0,"[25, 17, 25, 3, 24]"
2025-11-19 23:39:36.610,,vehiclee2@localhost,astar,7,3.564,15,47.735,0,"[17, 17, 17, 25, 25, 17, 17, 25, 25, 17, 17, 25, 25, 17, 25]"
2025-11-19 23:39:40.602,,order_101000002,astar,1,1.53,4,5.062,0.457,"[Node(17), Node(22), Node(23), Node(24)]"
2025-11-19 23:39:40.605,,vehiclee1@localhost,astar,2,2.045,5,24.232,0,"[25, 17, 24, 17, 24]"
2025-11-19 23:39:40.607,,order_101000002,astar,1,1.033,4,5.062,0.457,"[Node(17), Node(22), Node(23), Node(24)]"
2025-11-19 23:39:40.616,,vehiclee2@localhost,astar,1,1.092,3,11.787,0,"[25, 17, 24]"
2025-11-19 23:39:40.618,,order_101000002,astar,1,1.017,4,5.062,0.457,"[Node(17), Node(22), Node(23), Node(24)]"
2025-11-19 23:39:40.622,,vehiclee3@localhost,astar,2,3.071,5,24.953,0,"[25, 17, 24, 3, 24]"
2025-11-19 23:39:40.624,,order_102000009,astar,1,1.025,5,6.89,0.565,"[Node(17), Node(22), Node(23), Node(24), Node(25)]"
2025-11-19 23:39:40.627,,vehiclee1@localhost,astar,2,2.044,5,25.402,0,"[25, 17, 25, 17, 24]"
2025-11-19 23:39:40.629,,order_102000009,astar,1,1.019,5,6.89,0.565,"[Node(17), Node(22), Node(23), Node(24), Node(25)]"
2025-11-19 23:39:40.633,,order_102000009,astar,1,1.024,5,6.89,0.565,"[Node(17), Node(22), Node(23), Node(24), Node(25)]"
2025-11-19 23:39:40.636,,vehiclee3@localhost,astar,2,2.559,5,28.354,0,"[25, 17, 25, 3, 24]"
2025-11-19 23:39:41.599,,vehiclee2@localhost,astar,8,2.038,17,6.89,0,"[17, 17, 17, 17, 17, 17, 17, 17, 17, 25, 25, 25, 25, 25, 25, 25, 25]"
2025-11-19 23:39:45.612,,order_102000010,astar,1,1.022,5,6.89,0.565,"[Node(17), Node(22), Node(23), Node(24), Node(25)]"
2025-11-19 23:39:45.620,,order_102000010,astar,1,1.533,5,12.802,0.565,"[Node(17), Node(22), Node(23), Node(24), Node(25)]"
2025-11-19 23:39:45.625,,vehiclee1@localhost,astar,3,4.578,7,38.505,0,"[25, 17, 24, 17, 24, 17, 25]"
2025-11-19 23:39:45.628,,order_102000010,astar,1,1.526,5,12.802,0.565,"[Node(17), Node(22), Node(23), Node(24), Node(25)]"
2025-11-19 23:39:45.634,,vehiclee3@localhost,astar,2,5.649,5,28.354,0,"[25, 17, 25, 3, 24]"
2025-11-19 23:39:46.614,,vehiclee2@localhost,astar,9,2.558,19,6.89,0,"[17, 17, 17, 17, 17, 17, 17, 17, 17, 17, 25, 25, 25, 25, 25, 25, 25, 25, 25]"
2025-11-19 23:39:51.668,,vehiclee1@localhost,astar,2,2.038,5,24.232,0,"[25, 17, 24, 17, 24]"
2025-11-19 23:39:51.673,,vehiclee3@localhost,astar,1,1.023,3,14.739,0,"[25, 3, 24]"
2025-11-19 23:40:00.599,,order_102000011,astar,1,1.021,5,13.615,0.565,"[Node(17), Node(22), Node(23), Node(24), Node(25)]"
2025-11-19 23:40:00.603,,vehiclee1@localhost,astar,1,1.03,3,14.273,0,"[24, 17, 25]"
2025-11-19 23:40:00.605,,order_102000011,astar,1,1.037,5,6.89,0.565,"[Node(17), Node(22), Node(23), Node(24), Node(25)]"
2025-11-19 23:40:00.613,,order_102000011,astar,1,1.536,5,13.615,0.565,"[Node(17), Node(22), Node(23), Node(24), Node(25)]"
2025-11-19 23:40:00.614,,vehiclee3@localhost,astar,1,1.536,3,14.273,0,"[24, 17, 25]"
2025-11-19 23:40:01.601,,vehiclee2@localhost,astar,10,2.039,21,6.89,0,"[17, 17, 17, 17, 17, 17, 17, 17, 17, 17, 17, 25, 25, 25, 25, 25, 25, 25, 25, 25, 25]"
2025-11-19 23:40:03.537,,order_202000002,astar,1,1.025,2,11.71,0.162,"[Node(16), Node(17)]"
2025-11-19 23:40:03.539,,vehiclee1@localhost,astar,1,1.025,3,11.239,0,"[24, 16, 17]"
2025-11-19 23:40:03.541,,order_202000002,astar,1,1.025,2,4.985,0.162,"[Node(16), Node(17)]"
2025-11-19 23:40:03.542,,vehiclee2@localhost,astar,1,1.027,3,11.71,0,"[25, 16, 17]"
2025-11-19 23:40:03.545,,order_202000002,astar,1,1.558,2,11.71,0.162,"[Node(16), Node(17)]"
2025-11-19 23:40:03.546,,vehiclee3@localhost,astar,1,1.026,3,11.239,0,"[24, 16, 17]"
2025-11-19 23:40:05.595,,order_102000012,astar,1,1.015,5,13.615,0.565,"[Node(17), Node(22), Node(23), Node(24), Node(25)]"
2025-11-19 23:40:05.599,,vehiclee1@localhost,astar,1,1.022,3,14.273,0,"[24, 17, 25]"
2025-11-19 23:40:05.601,,order_102000012,astar,1,1.018,5,6.89,0.565,"[Node(17), Node(22), Node(23), Node(24), Node(25)]"
2025-11-19 23:40:05.609,,order_102000012,astar,1,1.577,5,13.615,0.565,"[Node(17), Node(22), Node(23), Node(24), Node(25)]"
2025-11-19 23:40:05.610,,vehiclee3@localhost,astar,1,1.019,3,14.273,0,"[24, 17, 25]"
2025-11-19 23:40:05.613,,order_101000003,astar,1,1.525,4,11.787,0.457,"[Node(17), Node(22), Node(23), Node(24)]"
2025-11-19 23:40:05.616,,order_101000003,astar,1,1.017,4,5.062,0.457,"[Node(17), Node(22), Node(23), Node(24)]"
2025-11-19 23:40:05.627,,vehiclee2@localhost,astar,1,1.014,3,11.787,0,"[25, 17, 24]"
2025-11-19 23:40:05.629,,order_101000003,astar,1,1.035,4,11.787,0.457,"[Node(17), Node(22), Node(23), Node(24)]"
2025-11-19 23:40:05.631,,vehiclee3@localhost,astar,1,1.022,3,12.445,0,"[24, 17, 24]"
2025-11-19 23:40:06.577,,vehiclee1@localhost,astar,3,2.048,7,36.677,0,"[25, 17, 24, 17, 24, 17, 24]"
2025-11-19 23:40:06.581,,vehiclee2@localhost,astar,11,2.554,23,6.89,0,"[17, 17, 17, 17, 17, 17, 17, 17, 17, 17, 17, 17, 25, 25, 25, 25, 25, 25, 25, 25, 25, 25, 25]"
2025-11-19 23:40:10.592,,order_101000004,astar,1,1.024,4,11.787,0.457,"[Node(17), Node(22), Node(23), Node(24)]"
2025-11-19 23:40:10.596,,order_101000004,astar,1,1.023,4,5.062,0.457,"[Node(17), Node(22), Node(23), Node(24)]"
2025-11-19 23:40:10.608,,vehiclee2@localhost,astar,1,1.022,3,11.787,0,"[25, 17, 24]"
2025-11-19 23:40:10.611,,order_101000004,astar,1,1.023,4,11.787,0.457,"[Node(17), Node(22), Node(23), Node(24)]"
2025-11-19 23:40:10.612,,vehiclee3@localhost,astar,1,1.023,3,12.445,0,"[24, 17, 24]"
2025-11-19 23:40:11.581,,vehiclee1@localhost,astar,4,2.558,9,49.122,0,"[25, 17, 24, 17, 24, 17, 24, 17, 24]"
2025-11-19 23:40:15.597,,order_101000005,astar,1,1.02,4,8.811,0.457,"[Node(17), Node(22), Node(23), Node(24)]"
2025-11-19 23:40:15.601,,order_101000005,astar,1,1.534,4,5.062,0.457,"[Node(17), Node(22), Node(23), Node(24)]"
2025-11-19 23:40:15.615,,vehiclee2@localhost,astar,1,1.526,3,11.787,0,"[25, 17, 24]"
2025-11-19 23:40:15.617,,order_101000005,astar,1,1.023,4,12.445,0.457,"[Node(17), Node(22), Node(23), Node(24)]"
2025-11-19 23:40:15.619,,vehiclee3@localhost,astar,1,1.559,3,12.445,0,"[24, 17, 24]"
2025-11-19 23:40:16.600,,vehiclee1@localhost,astar,5,2.548,11,58.591,0,"[19, 17, 24, 17, 24, 17, 24, 17, 24, 17, 24]"
2025-11-19 23:40:20.589,,order_102000013,astar,1,1.533,5,10.639,0.565,"[Node(17), Node(22), Node(23), Node(24), Node(25)]"
2025-11-19 23:40:20.595,,vehiclee1@localhost,astar,1,1.026,3,14.273,0,"[24, 17, 25]"
2025-11-19 23:40:20.598,,order_102000013,astar,1,1.534,5,6.89,0.565,"[Node(17), Node(22), Node(23), Node(24), Node(25)]"
2025-11-19 23:40:20.605,,vehiclee2@localhost,astar,1,1.022,3,13.615,0,"[25, 17, 25]"
2025-11-19 23:40:20.607,,order_102000013,astar,1,1.024,5,14.273,0.565,"[Node(17), Node(22), Node(23), Node(24), Node(25)]"
2025-11-19 23:40:20.609,,vehiclee3@localhost,astar,1,1.018,3,14.273,0,"[24, 17, 25]"
2025-11-19 23:40:25.597,,order_102000014,astar,1,1.533,5,6.89,0.565,"[Node(17), Node(22), Node(23), Node(24), Node(25)]"
2025-11-19 23:40:25.602,,vehiclee1@localhost,astar,1,1.581,3,14.273,0,"[24, 17, 25]"
2025-11-19 23:40:25.605,,order_102000014,astar,1,1.025,5,6.89,0.565,"[Node(17), Node(22), Node(23), Node(24), Node(25)]"
2025-11-19 23:40:25.613,,vehiclee2@localhost,astar,2,2.565,5,13.615,0,"[25, 17, 17, 25, 25]"
2025-11-19 23:40:25.615,,order_102000014,astar,1,1.023,5,12.802,0.565,"[Node(17), Node(22), Node(23), Node(24), Node(25)]"
2025-11-19 23:40:25.616,,vehiclee3@localhost,astar,1,1.533,3,14.273,0,"[24, 17, 25]"
2025-11-19 23:40:28.551,,order_202000003,astar,1,1.014,2,4.985,0.162,"[Node(16), Node(17)]"
2025-11-19 23:40:28.553,,vehiclee1@localhost,astar,1,1.552,3,11.239,0,"[24, 16, 17]"
2025-11-19 23:40:28.555,,order_202000003,astar,1,1.022,2,4.985,0.162,"[Node(16), Node(17)]"
2025-11-19 23:40:28.559,,vehiclee2@localhost,astar,3,4.11,7,25.325,0,"[25, 17, 17, 25, 25, 16, 17]"
2025-11-19 23:40:28.562,,order_202000003,astar,1,1.532,2,8.743,0.162,"[Node(16), Node(17)]"
2025-11-19 23:40:28.563,,vehiclee3@localhost,astar,1,1.542,3,11.239,0,"[24, 16, 17]"
2025-11-19 23:40:30.587,,order_101000006,astar,1,1.016,4,5.062,0.457,"[Node(17), Node(22), Node(23), Node(24)]"
2025-11-19 23:40:30.590,,order_101000006,astar,1,1.022,4,5.062,0.457,"[Node(17), Node(22), Node(23), Node(24)]"
2025-11-19 23:40:30.605,,vehiclee2@localhost,astar,3,3.565,7,27.231,0,"[25, 17, 17, 24, 25, 17, 25]"
2025-11-19 23:40:30.607,,order_101000006,astar,1,1.039,4,10.974,0.457,"[Node(17), Node(22), Node(23), Node(24)]"
2025-11-19 23:40:30.608,,vehiclee3@localhost,astar,1,1.017,3,12.445,0,"[24, 17, 24]"
2025-11-19 23:40:31.574,,vehiclee1@localhost,astar,6,2.041,13,67.287,0,"[17, 17, 24, 17, 24, 17, 24, 17, 24, 17, 24, 17, 24]"
2025-11-19 23:40:35.592,,order_102000015,astar,1,1.528,5,6.89,0.565,"[Node(17), Node(22), Node(23), Node(24), Node(25)]"
2025-11-19 23:40:35.600,,vehiclee1@localhost,astar,1,1.02,3,14.273,0,"[24, 17, 25]"
2025-11-19 23:40:35.603,,order_102000015,astar,1,1.022,5,6.89,0.565,"[Node(17), Node(22), Node(23), Node(24), Node(25)]"
2025-11-19 23:40:35.610,,vehiclee2@localhost,astar,3,1.536,7,40.845,0,"[25, 17, 25, 17, 25, 17, 25]"
2025-11-19 23:40:35.612,,order_102000015,astar,1,1.02,5,12.802,0.565,"[Node(17), Node(22), Node(23), Node(24), Node(25)]"
2025-11-19 23:40:35.613,,vehiclee3@localhost,astar,1,1.053,3,14.273,0,"[24, 17, 25]"
2025-11-19 23:40:40.603,,order_102000016,astar,1,1.021,5,6.89,0.565,"[Node(17), Node(22), Node(23), Node(24), Node(25)]"
2025-11-19 23:40:40.611,,vehiclee1@localhost,astar,1,1.019,3,14.273,0,"[24, 17, 25]"
2025-11-19 23:40:40.613,,order_102000016,astar,1,1.031,5,6.89,0.565,"[Node(17), Node(22), Node(23), Node(24), Node(25)]"
2025-11-19 23:40:40.622,,order_102000016,astar,1,1.017,5,12.802,0.565,"[Node(17), Node(22), Node(23), Node(24), Node(25)]"
2025-11-19 23:40:40.625,,vehiclee3@localhost,astar,2,2.045,5,27.888,0,"[24, 17, 25, 17, 25]"
2025-11-19 23:40:40.627,,order_101000007,astar,1,1.025,4,5.062,0.457,"[Node(17), Node(22), Node(23), Node(24)]"
2025-11-19 23:40:40.630,,order_101000007,astar,1,1.529,4,5.062,0.457,"[Node(17), Node(22), Node(23), Node(24)]"
2025-11-19 23:40:40.639,,vehiclee2@localhost,astar,3,3.06,7,27.231,0,"[25, 17, 17, 24, 25, 17, 25]"
2025-11-19 23:40:40.641,,order_101000007,astar,1,1.022,4,10.974,0.457,"[Node(17), Node(22), Node(23), Node(24)]"
2025-11-19 23:40:40.645,,vehiclee3@localhost,astar,2,3.072,5,26.06,0,"[24, 17, 25, 17, 24]"
2025-11-19 23:40:41.601,,vehiclee1@localhost,astar,7,2.049,15,79.732,0,"[17, 17, 24, 17, 24, 17, 24, 17, 24, 17, 24, 17, 24, 17, 24]"
2025-11-19 23:40:41.605,,vehiclee2@localhost,astar,12,2.552,25,6.89,0,"[17, 17, 17, 17, 17, 17, 17, 17, 17, 17, 17, 17, 17, 25, 25, 25, 25, 25, 25, 25, 25, 25, 25, 25, 25]"
2025-11-19 23:40:45.600,,order_102000017,astar,1,1.016,5,6.89,0.565,"[Node(17), Node(22), Node(23), Node(24), Node(25)]"
2025-11-19 23:40:45.609,,vehiclee1@localhost,astar,1,1.019,3,14.273,0,"[24, 17, 25]"
2025-11-19 23:40:45.612,,order_102000017,astar,1,1.526,5,6.89,0.565,"[Node(17), Node(22), Node(23), Node(24), Node(25)]"
2025-11-19 23:40:45.619,,vehiclee2@localhost,astar,3,1.529,7,40.845,0,"[25, 17, 25, 17, 25, 17, 25]"
2025-11-19 23:40:45.622,,order_102000017,astar,1,1.524,5,9.797,0.565,"[Node(17), Node(22), Node(23), Node(24), Node(25)]"
2025-11-19 23:40:45.624,,vehiclee3@localhost,astar,2,2.048,5,27.888,0,"[24, 17, 25, 17, 25]"
2025-11-19 23:40:55.593,,order_102000018,astar,1,1.02,5,6.89,0.565,"[Node(17), Node(22), Node(23), Node(24), Node(25)]"
2025-11-19 23:40:55.602,,vehiclee1@localhost,astar,1,1.02,3,14.273,0,"[24, 17, 25]"
2025-11-19 23:40:55.604,,order_102000018,astar,1,1.019,5,6.89,0.565,"[Node(17), Node(22), Node(23), Node(24), Node(25)]"
2025-11-19 23:40:55.612,,vehiclee2@localhost,astar,3,1.529,7,40.845,0,"[25, 17, 25, 17, 25, 17, 25]"
2025-11-19 23:40:55.615,,order_102000018,astar,1,1.547,5,11.797,0.565,"[Node(17), Node(22), Node(23), Node(24), Node(25)]"
2025-11-19 23:40:55.617,,vehiclee3@localhost,astar,3,2.562,7,41.503,0,"[24, 17, 25, 17, 25, 17, 25]"
2025-11-19 23:41:00.605,,order_101000008,astar,1,1.024,4,5.062,0.457,"[Node(17), Node(22), Node(23), Node(24)]"
2025-11-19 23:41:00.609,,order_101000008,astar,1,1.529,4,5.062,0.457,"[Node(17), Node(22), Node(23), Node(24)]"
2025-11-19 23:41:00.617,,vehiclee2@localhost,astar,4,2.048,9,52.632,0,"[25, 17, 25, 17, 25, 17, 25, 17, 24]"
2025-11-19 23:41:00.620,,order_101000008,astar,1,1.025,4,9.969,0.457,"[Node(17), Node(22), Node(23), Node(24)]"
2025-11-19 23:41:00.623,,vehiclee3@localhost,astar,3,3.072,7,39.675,0,"[24, 17, 25, 17, 25, 17, 24]"
2025-11-19 23:41:00.625,,order_102000019,astar,1,1.02,5,6.89,0.565,"[Node(17), Node(22), Node(23), Node(24), Node(25)]"
2025-11-19 23:41:00.634,,vehiclee1@localhost,astar,1,1.558,3,14.273,0,"[24, 17, 25]"
2025-11-19 23:41:00.636,,order_102000019,astar,1,1.529,5,6.89,0.565,"[Node(17), Node(22), Node(23), Node(24), Node(25)]"
2025-11-19 23:41:00.645,,vehiclee2@localhost,astar,4,2.064,9,54.46,0,"[25, 17, 25, 17, 25, 17, 25, 17, 25]"
2025-11-19 23:41:00.647,,order_102000019,astar,1,1.024,5,11.797,0.565,"[Node(17), Node(22), Node(23), Node(24), Node(25)]"
2025-11-19 23:41:00.650,,vehiclee3@localhost,astar,3,2.578,7,41.503,0,"[24, 17, 25, 17, 25, 17, 25]"
2025-11-19 23:41:01.601,,vehiclee1@localhost,astar,8,2.039,17,92.177,0,"[17, 17, 24, 17, 24, 17, 24, 17, 24, 17, 24, 17, 24, 17, 24, 17, 24]"
2025-11-19 23:41:05.598,,order_101000009,astar,1,1.012,4,5.062,0.457,"[Node(17), Node(22), Node(23), Node(24)]"
2025-11-19 23:41:05.601,,order_101000009,astar,1,1.011,4,5.062,0.457,"[Node(17), Node(22), Node(23), Node(24)]"
2025-11-19 23:41:05.610,,vehiclee2@localhost,astar,4,2.039,9,52.632,0,"[25, 17, 25, 17, 25, 17, 25, 17, 24]"
2025-11-19 23:41:05.612,,order_101000009,astar,1,1.024,4,7.969,0.457,"[Node(17), Node(22), Node(23), Node(24)]"
2025-11-19 23:41:05.616,,vehiclee3@localhost,astar,4,3.06,9,53.948,0,"[24, 17, 24, 17, 25, 17, 25, 17, 25]"
2025-11-19 23:41:06.603,,vehiclee1@localhost,astar,9,3.079,19,54.842,0,"[17, 17, 17, 24, 24, 17, 17, 24, 24, 17, 17, 24, 24, 17, 17, 24, 24, 17, 24]"
2025-11-19 23:41:10.585,,order_102000020,astar,1,1.02,5,6.89,0.565,"[Node(17), Node(22), Node(23), Node(24), Node(25)]"
2025-11-19 23:41:10.595,,vehiclee1@localhost,astar,1,1.023,3,14.273,0,"[24, 17, 25]"
2025-11-19 23:41:10.598,,order_102000020,astar,1,1.527,5,6.89,0.565,"[Node(17), Node(22), Node(23), Node(24), Node(25)]"
2025-11-19 23:41:10.605,,vehiclee2@localhost,astar,4,1.547,9,54.46,0,"[25, 17, 25, 17, 25, 17, 25, 17, 25]"
2025-11-19 23:41:10.608,,order_102000020,astar,1,1.533,5,9.797,0.565,"[Node(17), Node(22), Node(23), Node(24), Node(25)]"
2025-11-19 23:41:10.610,,vehiclee3@localhost,astar,4,2.039,9,55.118,0,"[24, 17, 25, 17, 25, 17, 25, 17, 25]"
2025-11-19 23:41:11.669,,vehiclee3@localhost,astar,3,2.537,7,41.503,0,"[24, 17, 25, 17, 25, 17, 25]"
2025-11-19 23:41:13.550,,order_202000004,astar,1,1.022,2,4.985,0.162,"[Node(16), Node(17)]"
2025-11-19 23:41:13.551,,vehiclee1@localhost,astar,1,1.032,3,11.239,0,"[24, 16, 17]"
2025-11-19 23:41:13.553,,order_202000004,astar,1,1.025,2,4.985,0.162,"[Node(16), Node(17)]"
2025-11-19 23:41:13.557,,vehiclee2@localhost,astar,5,4.102,11,66.17,0,"[25, 17, 25, 17, 25, 17, 25, 17, 25, 16, 17]"
2025-11-19 23:41:13.559,,order_202000004,astar,1,1.022,2,11.239,0.162,"[Node(16), Node(17)]"
2025-11-19 23:41:13.561,,vehiclee3@localhost,astar,1,1.022,3,11.71,0,"[25, 16, 17]"
2025-11-19 23:41:15.586,,order_102000021,astar,1,1.537,5,6.89,0.565,"[Node(17), Node(22), Node(23), Node(24), Node(25)]"
2025-11-19 23:41:15.596,,vehiclee1@localhost,astar,1,1.019,3,14.273,0,"[24, 17, 25]"
2025-11-19 23:41:15.599,,order_102000021,astar,1,1.021,5,6.89,0.565,"[Node(17), Node(22), Node(23), Node(24), Node(25)]"
2025-11-19 23:41:15.607,,vehiclee2@localhost,astar,5,1.563,11,68.075,0,"[25, 17, 25, 17, 25, 17, 25, 17, 25, 17, 25]"
2025-11-19 23:41:15.610,,order_102000021,astar,1,1.017,5,14.273,0.565,"[Node(17), Node(22), Node(23), Node(24), Node(25)]"
2025-11-19 23:41:16.571,,vehiclee3@localhost,astar,4,2.541,9,55.118,0,"[24, 17, 25, 17, 25, 17, 25, 17, 25]"
2025-11-19 23:41:18.532,,order_202000005,astar,1,1.019,2,4.985,0.162,"[Node(16), Node(17)]"
2025-11-19 23:41:18.534,,vehiclee1@localhost,astar,1,1.539,3,11.239,0,"[24, 16, 17]"
2025-11-19 23:41:18.536,,order_202000005,astar,1,1.014,2,4.985,0.162,"[Node(16), Node(17)]"
2025-11-19 23:41:18.539,,vehiclee2@localhost,astar,5,3.093,11,66.17,0,"[25, 17, 25, 17, 25, 17, 25, 17, 25, 16, 17]"
2025-11-19 23:41:18.542,,order_202000005,astar,1,1.014,2,11.239,0.162,"[Node(16), Node(17)]"
2025-11-19 23:41:18.543,,vehiclee3@localhost,astar,1,1.022,3,11.71,0,"[25, 16, 17]"
2025-11-19 23:41:30.588,,order_102000022,astar,1,1.019,5,6.89,0.565,"[Node(17), Node(22), Node(23), Node(24), Node(25)]"
2025-11-19 23:41:30.598,,vehiclee1@localhost,astar,1,1.019,3,14.273,0,"[24, 17, 25]"
2025-11-19 23:41:30.601,,order_102000022,astar,1,1.532,5,6.89,0.565,"[Node(17), Node(22), Node(23), Node(24), Node(25)]"
2025-11-19 23:41:30.609,,vehiclee2@localhost,astar,5,2.059,11,68.075,0,"[25, 17, 25, 17, 25, 17, 25, 17, 25, 17, 25]"
2025-11-19 23:41:30.611,,order_102000022,astar,1,1.015,5,14.273,0.565,"[Node(17), Node(22), Node(23), Node(24), Node(25)]"
2025-11-19 23:41:31.576,,vehiclee3@localhost,astar,5,2.553,11,68.733,0,"[24, 17, 25, 17, 25, 17, 25, 17, 25, 17, 25]"
2025-11-19 23:41:35.592,,order_101000010,astar,1,1.017,4,5.062,0.457,"[Node(17), Node(22), Node(23), Node(24)]"
2025-11-19 23:41:35.596,,order_101000010,astar,1,1.023,4,5.062,0.457,"[Node(17), Node(22), Node(23), Node(24)]"
2025-11-19 23:41:35.605,,vehiclee2@localhost,astar,5,2.042,11,66.247,0,"[25, 17, 25, 17, 25, 17, 25, 17, 25, 17, 24]"
2025-11-19 23:41:35.607,,order_101000010,astar,1,1.016,4,8.811,0.457,"[Node(17), Node(22), Node(23), Node(24)]"
2025-11-19 23:41:35.614,,vehiclee3@localhost,astar,1,1.05,3,11.787,0,"[25, 17, 24]"
2025-11-19 23:41:36.581,,vehiclee1@localhost,astar,10,3.066,21,54.842,0,"[17, 17, 17, 24, 24, 17, 17, 24, 24, 17, 17, 24, 24, 17, 17, 24, 24, 17, 17, 24, 24]"
2025-11-19 23:41:40.595,,order_101000011,astar,1,2.04,4,5.062,0.457,"[Node(17), Node(22), Node(23), Node(24)]"
2025-11-19 23:41:40.600,,order_101000011,astar,1,1.551,4,5.062,0.457,"[Node(17), Node(22), Node(23), Node(24)]"
2025-11-19 23:41:40.609,,vehiclee2@localhost,astar,5,2.558,11,66.247,0,"[25, 17, 25, 17, 25, 17, 25, 17, 25, 17, 24]"
2025-11-19 23:41:40.611,,order_101000011,astar,1,1.534,4,8.811,0.457,"[Node(17), Node(22), Node(23), Node(24)]"
2025-11-19 23:41:40.618,,vehiclee3@localhost,astar,1,1.53,3,11.787,0,"[25, 17, 24]"
2025-11-19 23:41:41.569,,vehiclee1@localhost,astar,11,4.086,23,67.287,0,"[17, 17, 17, 24, 24, 17, 17, 24, 24, 17, 17, 24, 24, 17, 17, 24, 24, 17, 17, 24, 24, 17, 24]"
2025-11-19 23:41:50.592,,order_102000023,astar,1,1.024,5,6.89,0.565,"[Node(17), Node(22), Node(23), Node(24), Node(25)]"
2025-11-19 23:41:50.605,,vehiclee1@localhost,astar,1,1.014,3,14.273,0,"[24, 17, 25]"
2025-11-19 23:41:50.608,,order_102000023,astar,1,1.021,5,6.89,0.565,"[Node(17), Node(22), Node(23), Node(24), Node(25)]"
2025-11-19 23:41:50.616,,vehiclee2@localhost,astar,5,1.528,11,68.075,0,"[25, 17, 25, 17, 25, 17, 25, 17, 25, 17, 25]"
2025-11-19 23:41:50.618,,order_102000023,astar,1,1.019,5,6.89,0.565,"[Node(17), Node(22), Node(23), Node(24), Node(25)]"
2025-11-19 23:41:50.622,,order_101000012,astar,1,1.04,4,5.062,0.457,"[Node(17), Node(22), Node(23), Node(24)]"
2025-11-19 23:41:50.626,,order_101000012,astar,1,1.024,4,5.062,0.457,"[Node(17), Node(22), Node(23), Node(24)]"
2025-11-19 23:41:50.635,,vehiclee2@localhost,astar,5,3.07,11,66.905,0,"[25, 17, 25, 17, 25, 17, 25, 17, 24, 17, 25]"
2025-11-19 23:41:50.638,,order_101000012,astar,1,1.55,4,5.062,0.457,"[Node(17), Node(22), Node(23), Node(24)]"
2025-11-19 23:41:50.643,,vehiclee3@localhost,astar,1,1.024,3,11.787,0,"[25, 17, 24]"
2025-11-19 23:41:51.574,,vehiclee3@localhost,astar,6,2.037,13,74.965,0,"[17, 17, 25, 17, 25, 17, 25, 17, 25, 17, 25, 17, 25]"
2025-11-19 23:41:51.579,,vehiclee1@localhost,astar,12,3.06,25,67.287,0,"[17, 17, 17, 24, 24, 17, 17, 24, 24, 17, 17, 24, 24, 17, 17, 24, 24, 17, 17, 24, 24, 17, 17, 24, 24]"
2025-11-19 23:42:05.601,,order_101000013,astar,1,1.024,4,5.062,0.457,"[Node(17), Node(22), Node(23), Node(24)]"
2025-11-19 23:42:05.605,,order_101000013,astar,1,1.019,4,5.062,0.457,"[Node(17), Node(22), Node(23), Node(24)]"
2025-11-19 23:42:05.614,,vehiclee2@localhost,astar,5,3.095,11,66.905,0,"[25, 17, 24, 17, 25, 17, 25, 17, 25, 17, 25]"
2025-11-19 23:42:05.617,,order_101000013,astar,1,1.527,4,5.062,0.457,"[Node(17), Node(22), Node(23), Node(24)]"
2025-11-19 23:42:05.625,,vehiclee3@localhost,astar,1,1.018,3,11.787,0,"[25, 17, 24]"
2025-11-19 23:42:05.627,,order_102000024,astar,1,1.025,5,6.89,0.565,"[Node(17), Node(22), Node(23), Node(24), Node(25)]"
2025-11-19 23:42:05.642,,vehiclee1@localhost,astar,1,1.535,3,14.273,0,"[24, 17, 25]"
2025-11-19 23:42:05.645,,order_102000024,astar,1,1.022,5,6.89,0.565,"[Node(17), Node(22), Node(23), Node(24), Node(25)]"
2025-11-19 23:42:05.653,,vehiclee2@localhost,astar,5,2.051,11,68.075,0,"[25, 17, 25, 17, 25, 17, 25, 17, 25, 17, 25]"
2025-11-19 23:42:05.656,,order_102000024,astar,1,1.023,5,6.89,0.565,"[Node(17), Node(22), Node(23), Node(24), Node(25)]"
2025-11-19 23:42:06.613,,vehiclee3@localhost,astar,7,2.036,15,88.58,0,"[17, 17, 25, 17, 25, 17, 25, 17, 25, 17, 25, 17, 25, 17, 25]"
2025-11-19 23:42:06.618,,vehiclee1@localhost,astar,13,4.096,27,79.732,0,"[17, 17, 17, 24, 24, 17, 17, 24, 24, 17, 17, 24, 24, 17, 17, 24, 24, 17, 17, 24, 24, 17, 17, 24, 24, 17, 24]"
2025-11-19 23:42:10.596,,order_102000025,astar,1,1.54,5,6.89,0.565,"[Node(17), Node(22), Node(23), Node(24), Node(25)]"
2025-11-19 23:42:10.612,,vehiclee1@localhost,astar,1,1.024,3,14.273,0,"[24, 17, 25]"
2025-11-19 23:42:10.614,,order_102000025,astar,1,1.025,5,6.89,0.565,"[Node(17), Node(22), Node(23), Node(24), Node(25)]"
2025-11-19 23:42:10.622,,vehiclee2@localhost,astar,5,2.025,11,68.075,0,"[25, 17, 25, 17, 25, 17, 25, 17, 25, 17, 25]"
2025-11-19 23:42:10.624,,order_102000025,astar,1,1.014,5,6.89,0.565,"[Node(17), Node(22), Node(23), Node(24), Node(25)]"
2025-11-19 23:42:10.628,,order_101000014,astar,1,1.02,4,5.062,0.457,"[Node(17), Node(22), Node(23), Node(24)]"
2025-11-19 23:42:10.632,,order_101000014,astar,1,1.525,4,5.062,0.457,"[Node(17), Node(22), Node(23), Node(24)]"
2025-11-19 23:42:10.640,,vehiclee2@localhost,astar,5,2.05,11,66.247,0,"[25, 17, 25, 17, 25, 17, 25, 17, 25, 17, 24]"
2025-11-19 23:42:10.643,,order_101000014,astar,1,1.032,4,5.062,0.457,"[Node(17), Node(22), Node(23), Node(24)]"
2025-11-19 23:42:10.652,,vehiclee3@localhost,astar,1,1.54,3,11.787,0,"[25, 17, 24]"
2025-11-19 23:42:11.574,,vehiclee3@localhost,astar,8,2.039,17,102.195,0,"[17, 17, 25, 17, 25, 17, 25, 17, 25, 17, 25, 17, 25, 17, 25, 17, 25]"
2025-11-19 23:42:11.578,,vehiclee1@localhost,astar,14,3.052,29,79.732,0,"[17, 17, 17, 24, 24, 17, 17, 24, 24, 17, 17, 24, 24, 17, 17, 24, 24, 17, 17, 24, 24, 17, 17, 24, 24, 17, 17, 24, 24]"
2025-11-19 23:42:13.547,,order_202000006,astar,1,2.033,2,4.985,0.162,"[Node(16), Node(17)]"
2025-11-19 23:42:13.549,,vehiclee1@localhost,astar,1,1.525,3,11.239,0,"[24, 16, 17]"
2025-11-19 23:42:13.551,,order_202000006,astar,1,1.021,2,4.985,0.162,"[Node(16), Node(17)]"
2025-11-19 23:42:13.554,,vehiclee2@localhost,astar,5,3.594,11,66.17,0,"[25, 17, 25, 17, 25, 17, 25, 17, 25, 16, 17]"
2025-11-19 23:42:13.556,,order_202000006,astar,1,1.017,2,4.985,0.162,"[Node(16), Node(17)]"
2025-11-19 23:42:13.558,,vehiclee3@localhost,astar,1,1.017,3,11.71,0,"[25, 16, 17]"
2025-11-19 23:42:15.593,,order_102000026,astar,1,1.034,5,6.89,0.565,"[Node(17), Node(22), Node(23), Node(24), Node(25)]"
2025-11-19 23:42:15.610,,vehiclee1@localhost,astar,1,1.019,3,14.273,0,"[24, 17, 25]"
2025-11-19 23:42:15.613,,order_102000026,astar,1,1.018,5,6.89,0.565,"[Node(17), Node(22), Node(23), Node(24), Node(25)]"
2025-11-19 23:42:15.621,,vehiclee2@localhost,astar,5,1.525,11,68.075,0,"[25, 17, 25, 17, 25, 17, 25, 17, 25, 17, 25]"
2025-11-19 23:42:15.624,,order_102000026,astar,1,1.023,5,6.89,0.565,"[Node(17), Node(22), Node(23), Node(24), Node(25)]"
2025-11-19 23:42:16.581,,vehiclee3@localhost,astar,9,2.038,19,115.81,0,"[17, 17, 25, 17, 25, 17, 25, 17, 25, 17, 25, 17, 25, 17, 25, 17, 25, 17, 25]"
2025-11-19 23:42:20.605,,order_102000027,astar,1,1.024,5,6.89,0.565,"[Node(17), Node(22), Node(23), Node(24), Node(25)]"
2025-11-19 23:42:20.621,,vehiclee1@localhost,astar,1,1.018,3,14.273,0,"[24, 17, 25]"
2025-11-19 23:42:20.624,,order_102000027,astar,1,1.014,5,6.89,0.565,"[Node(17), Node(22), Node(23), Node(24), Node(25)]"
2025-11-19 23:42:20.632,,vehiclee2@localhost,astar,5,2.028,11,68.075,0,"[25, 17, 25, 17, 25, 17, 25, 17, 25, 17, 25]"
2025-11-19 23:42:20.634,,order_102000027,astar,1,1.016,5,6.89,0.565,"[Node(17), Node(22), Node(23), Node(24), Node(25)]"
2025-11-19 23:42:20.637,,order_101000015,astar,1,1.018,4,5.062,0.457,"[Node(17), Node(22), Node(23), Node(24)]"
2025-11-19 23:42:20.641,,order_101000015,astar,1,1.02,4,5.062,0.457,"[Node(17), Node(22), Node(23), Node(24)]"
2025-11-19 23:42:20.651,,vehiclee2@localhost,astar,5,3.586,11,66.905,0,"[25, 17, 25, 17, 24, 17, 25, 17, 25, 17, 25]"
2025-11-19 23:42:20.654,,order_101000015,astar,1,1.028,4,5.062,0.457,"[Node(17), Node(22), Node(23), Node(24)]"
2025-11-19 23:42:20.665,,vehiclee3@localhost,astar,1,1.552,3,11.787,0,"[25, 17, 24]"
2025-11-19 23:42:21.600,,vehiclee3@localhost,astar,10,2.035,21,129.425,0,"[17, 17, 25, 17, 25, 17, 25, 17, 25, 17, 25, 17, 25, 17, 25, 17, 25, 17, 25, 17, 25]"
2025-11-19 23:42:21.605,,vehiclee1@localhost,astar,15,3.567,31,92.177,0,"[17, 17, 17, 24, 24, 17, 17, 24, 24, 17, 17, 24, 24, 17, 17, 24, 24, 17, 17, 24, 24, 17, 17, 24, 24, 17, 17, 24, 24, 17, 24]"
2025-11-19 23:42:30.597,,order_102000028,astar,1,1.022,5,6.89,0.565,"[Node(17), Node(22), Node(23), Node(24), Node(25)]"
2025-11-19 23:42:30.614,,vehiclee1@localhost,astar,1,1.025,3,14.273,0,"[24, 17, 25]"
2025-11-19 23:42:30.617,,order_102000028,astar,1,1.03,5,6.89,0.565,"[Node(17), Node(22), Node(23), Node(24), Node(25)]"
2025-11-19 23:42:30.625,,vehiclee2@localhost,astar,5,2.039,11,68.075,0,"[25, 17, 25, 17, 25, 17, 25, 17, 25, 17, 25]"
2025-11-19 23:42:30.627,,order_102000028,astar,1,1.016,5,6.89,0.565,"[Node(17), Node(22), Node(23), Node(24), Node(25)]"
2025-11-19 23:42:30.631,,order_101000016,astar,1,1.019,4,5.062,0.457,"[Node(17), Node(22), Node(23), Node(24)]"
2025-11-19 23:42:30.634,,order_101000016,astar,1,1.023,4,5.062,0.457,"[Node(17), Node(22), Node(23), Node(24)]"
2025-11-19 23:42:30.643,,vehiclee2@localhost,astar,5,2.562,11,66.905,0,"[25, 17, 25, 17, 24, 17, 25, 17, 25, 17, 25]"
2025-11-19 23:42:30.646,,order_101000016,astar,1,1.016,4,5.062,0.457,"[Node(17), Node(22), Node(23), Node(24)]"
2025-11-19 23:42:30.658,,vehiclee3@localhost,astar,1,1.016,3,11.787,0,"[25, 17, 24]"
2025-11-19 23:42:31.608,,vehiclee1@localhost,astar,16,4.092,33,92.177,0,"[17, 17, 17, 24, 24, 17, 17, 24, 24, 17, 17, 24, 24, 17, 17, 24, 24, 17, 17, 24, 24, 17, 17, 24, 24, 17, 17, 24, 24, 17, 17, 24, 24]"
2025-11-19 23:42:31.611,,vehiclee3@localhost,astar,11,2.045,23,143.04,0,"[17, 17, 25, 17, 25, 17, 25, 17, 25, 17, 25, 17, 25, 17, 25, 17, 25, 17, 25, 17, 25, 17, 25]"
2025-11-19 23:42:35.602,,order_102000029,astar,1,1.016,5,6.89,0.565,"[Node(17), Node(22), Node(23), Node(24), Node(25)]"
2025-11-19 23:42:35.620,,vehiclee1@localhost,astar,1,1.017,3,14.273,0,"[24, 17, 25]"
2025-11-19 23:42:35.623,,order_102000029,astar,1,1.539,5,6.89,0.565,"[Node(17), Node(22), Node(23), Node(24), Node(25)]"
2025-11-19 23:42:35.631,,vehiclee2@localhost,astar,5,2.034,11,68.075,0,"[25, 17, 25, 17, 25, 17, 25, 17, 25, 17, 25]"
2025-11-19 23:42:35.634,,order_102000029,astar,1,1.536,5,6.89,0.565,"[Node(17), Node(22), Node(23), Node(24), Node(25)]"
2025-11-19 23:42:35.637,,order_101000017,astar,1,1.019,4,5.062,0.457,"[Node(17), Node(22), Node(23), Node(24)]"
2025-11-19 23:42:35.641,,order_101000017,astar,1,1.019,4,5.062,0.457,"[Node(17), Node(22), Node(23), Node(24)]"
2025-11-19 23:42:35.649,,vehiclee2@localhost,astar,5,2.543,11,66.247,0,"[25, 17, 25, 17, 25, 17, 25, 17, 25, 17, 24]"
2025-11-19 23:42:35.651,,order_101000017,astar,1,1.017,4,5.062,0.457,"[Node(17), Node(22), Node(23), Node(24)]"
2025-11-19 23:42:35.665,,vehiclee3@localhost,astar,1,1.017,3,11.787,0,"[25, 17, 24]"
2025-11-19 23:42:36.614,,vehiclee3@localhost,astar,12,2.554,25,156.655,0,"[17, 17, 25, 17, 25, 17, 25, 17, 25, 17, 25, 17, 25, 17, 25, 17, 25, 17, 25, 17, 25, 17, 25, 17, 25]"
2025-11-19 23:42:36.619,,vehiclee1@localhost,astar,17,4.591,35,104.622,0,"[17, 17, 17, 24, 24, 17, 17, 24, 24, 17, 17, 24, 24, 17, 17, 24, 24, 17, 17, 24, 24, 17, 17, 24, 24, 17, 17, 24, 24, 17, 17, 24, 24, 17, 24]"
2025-11-19 23:42:38.539,,order_202000007,astar,1,1.02,2,4.985,0.162,"[Node(16), Node(17)]"
2025-11-19 23:42:38.540,,vehiclee1@localhost,astar,1,1.023,3,11.239,0,"[24, 16, 17]"
2025-11-19 23:42:38.542,,order_202000007,astar,1,1.016,2,4.985,0.162,"[Node(16), Node(17)]"
2025-11-19 23:42:38.546,,vehiclee2@localhost,astar,5,3.092,11,66.17,0,"[25, 17, 25, 17, 25, 17, 25, 17, 25, 16, 17]"
2025-11-19 23:42:38.548,,order_202000007,astar,1,1.525,2,4.985,0.162,"[Node(16), Node(17)]"
2025-11-19 23:42:38.549,,vehiclee3@localhost,astar,1,1.019,3,11.71,0,"[25, 16, 17]"
2025-11-19 23:42:40.585,,order_102000030,astar,1,1.024,5,6.89,0.565,"[Node(17), Node(22), Node(23), Node(24), Node(25)]"
2025-11-19 23:42:40.604,,vehiclee1@localhost,astar,1,1.023,3,14.273,0,"[24, 17, 25]"
2025-11-19 23:42:40.607,,order_102000030,astar,1,1.021,5,6.89,0.565,"[Node(17), Node(22), Node(23), Node(24), Node(25)]"
2025-11-19 23:42:40.615,,vehiclee2@localhost,astar,5,2.049,11,68.075,0,"[25, 17, 25, 17, 25, 17, 25, 17, 25, 17, 25]"
2025-11-19 23:42:40.617,,order_102000030,astar,1,1.538,5,6.89,0.565,"[Node(17), Node(22), Node(23), Node(24), Node(25)]"
2025-11-19 23:42:41.571,,vehiclee3@localhost,astar,13,3.057,27,170.27,0,"[17, 17, 25, 17, 25, 17, 25, 17, 25, 17, 25, 17, 25, 17, 25, 17, 25, 17, 25, 17, 25, 17, 25, 17, 25, 17, 25]"
2025-11-19 23:42:45.585,,order_101000018,astar,1,1.02,4,5.062,0.457,"[Node(17), Node(22), Node(23), Node(24)]"
2025-11-19 23:42:45.589,,order_101000018,astar,1,1.02,4,5.062,0.457,"[Node(17), Node(22), Node(23), Node(24)]"
2025-11-19 23:42:45.599,,vehiclee2@localhost,astar,5,3.056,11,66.905,0,"[25, 17, 25, 17, 25, 17, 25, 17, 24, 17, 25]"
2025-11-19 23:42:45.601,,order_101000018,astar,1,1.017,4,5.062,0.457,"[Node(17), Node(22), Node(23), Node(24)]"
2025-11-19 23:42:45.616,,vehiclee3@localhost,astar,1,1.537,3,11.787,0,"[25, 17, 24]"
2025-11-19 23:42:46.571,,vehiclee1@localhost,astar,18,4.067,37,104.622,0,"[17, 17, 17, 24, 24, 17, 17, 24, 24, 17, 17, 24, 24, 17, 17, 24, 24, 17, 17, 24, 24, 17, 17, 24, 24, 17, 17, 24, 24, 17, 17, 24, 24, 17, 17, 24, 24]"
2025-11-19 23:42:50.587,,order_102000031,astar,1,1.013,5,6.89,0.565,"[Node(17), Node(22), Node(23), Node(24), Node(25)]"
2025-11-19 23:42:50.608,,vehiclee1@localhost,astar,1,1.052,3,14.273,0,"[24, 17, 25]"
2025-11-19 23:42:50.610,,order_102000031,astar,1,1.021,5,6.89,0.565,"[Node(17), Node(22), Node(23), Node(24), Node(25)]"
2025-11-19 23:42:50.618,,vehiclee2@localhost,astar,5,1.529,11,68.075,0,"[25, 17, 25, 17, 25, 17, 25, 17, 25, 17, 25]"
2025-11-19 23:42:50.621,,order_102000031,astar,1,1.016,5,6.89,0.565,"[Node(17), Node(22), Node(23), Node(24), Node(25)]"
2025-11-19 23:42:51.573,,vehiclee3@localhost,astar,14,3.057,29,183.885,0,"[17, 17, 25, 17, 25, 17, 25, 17, 25, 17, 25, 17, 25, 17, 25, 17, 25, 17, 25, 17, 25, 17, 25, 17, 25, 17, 25, 17, 25]"
2025-11-19 23:42:55.588,,order_102000032,astar,1,1.014,5,6.89,0.565,"[Node(17), Node(22), Node(23), Node(24), Node(25)]"
2025-11-19 23:42:55.609,,vehiclee1@localhost,astar,1,1.035,3,14.273,0,"[24, 17, 25]"
2025-11-19 23:42:55.611,,order_102000032,astar,1,1.024,5,6.89,0.565,"[Node(17), Node(22), Node(23), Node(24), Node(25)]"
2025-11-19 23:42:55.620,,vehiclee2@localhost,astar,5,2.034,11,68.075,0,"[25, 17, 25, 17, 25, 17, 25, 17, 25, 17, 25]"
2025-11-19 23:42:55.622,,order_102000032,astar,1,1.529,5,6.89,0.565,"[Node(17), Node(22), Node(23), Node(24), Node(25)]"
2025-11-19 23:42:56.574,,vehiclee3@localhost,astar,15,3.555,31,102.195,0,"[17, 17, 17, 25, 25, 17, 17, 25, 25, 17, 17, 25, 25, 17, 17, 25, 25, 17, 17, 25, 25, 17, 17, 25, 25, 17, 17, 25, 25, 17, 25]"
2025-11-19 23:43:00.596,,order_102000033,astar,1,1.532,5,6.89,0.565,"[Node(17), Node(22), Node(23), Node(24), Node(25)]"
2025-11-19 23:43:00.616,,vehiclee1@localhost,astar,1,1.021,3,14.273,0,"[24, 17, 25]"
2025-11-19 23:43:00.619,,order_102000033,astar,1,1.521,5,6.89,0.565,"[Node(17), Node(22), Node(23), Node(24), Node(25)]"
2025-11-19 23:43:00.627,,vehiclee2@localhost,astar,5,2.038,11,68.075,0,"[25, 17, 25, 17, 25, 17, 25, 17, 25, 17, 25]"
2025-11-19 23:43:00.629,,order_102000033,astar,1,1.026,5,6.89,0.565,"[Node(17), Node(22), Node(23), Node(24), Node(25)]"
2025-11-19 23:43:00.634,,order_101000019,astar,1,1.021,4,5.062,0.457,"[Node(17), Node(22), Node(23), Node(24)]"
2025-11-19 23:43:00.637,,order_101000019,astar,1,1.016,4,5.062,0.457,"[Node(17), Node(22), Node(23), Node(24)]"
2025-11-19 23:43:00.647,,vehiclee2@localhost,astar,5,2.546,11,66.247,0,"[25, 17, 25, 17, 25, 17, 25, 17, 25, 17, 24]"
2025-11-19 23:43:00.649,,order_101000019,astar,1,1.014,4,5.062,0.457,"[Node(17), Node(22), Node(23), Node(24)]"
2025-11-19 23:43:00.666,,vehiclee3@localhost,astar,1,1.015,3,11.787,0,"[25, 17, 24]"
2025-11-19 23:43:01.603,,vehiclee3@localhost,astar,16,37.631,33,102.195,0,"[17, 17, 17, 25, 25, 17, 17, 25, 25, 17, 17, 25, 25, 17, 17, 25, 25, 17, 17, 25, 25, 17, 17, 25, 25, 17, 17, 25, 25, 17, 17, 25, 25]"
2025-11-19 23:43:01.608,,vehiclee1@localhost,astar,19,4.069,39,117.067,0,"[17, 17, 17, 24, 24, 17, 17, 24, 24, 17, 17, 24, 24, 17, 17, 24, 24, 17, 17, 24, 24, 17, 17, 24, 24, 17, 17, 24, 24, 17, 17, 24, 24, 17, 17, 24, 24, 17, 24]"
2025-11-19 23:43:03.544,,order_202000008,astar,1,1.023,2,4.985,0.162,"[Node(16), Node(17)]"
2025-11-19 23:43:03.545,,vehiclee1@localhost,astar,1,1.018,3,11.239,0,"[24, 16, 17]"
2025-11-19 23:43:03.547,,order_202000008,astar,1,1.015,2,4.985,0.162,"[Node(16), Node(17)]"
2025-11-19 23:43:03.551,,vehiclee2@localhost,astar,5,3.598,11,66.17,0,"[25, 17, 25, 17, 25, 17, 25, 17, 25, 16, 17]"
2025-11-19 23:43:03.553,,order_202000008,astar,1,1.024,2,4.985,0.162,"[Node(16), Node(17)]"
2025-11-19 23:43:03.555,,vehiclee3@localhost,astar,1,1.015,3,11.71,0,"[25, 16, 17]"
2025-11-19 23:43:05.602,,order_102000034,astar,1,1.015,5,6.89,0.565,"[Node(17), Node(22), Node(23), Node(24), Node(25)]"
2025-11-19 23:43:05.621,,vehiclee1@localhost,astar,1,1.016,3,14.273,0,"[24, 17, 25]"
2025-11-19 23:43:05.624,,order_102000034,astar,1,1.025,5,6.89,0.565,"[Node(17), Node(22), Node(23), Node(24), Node(25)]"
2025-11-19 23:43:05.632,,vehiclee2@localhost,astar,5,2.026,11,68.075,0,"[25, 17, 25, 17, 25, 17, 25, 17, 25, 17, 25]"
2025-11-19 23:43:05.634,,order_102000034,astar,1,1.015,5,6.89,0.565,"[Node(17), Node(22), Node(23), Node(24), Node(25)]"
2025-11-19 23:43:06.613,,vehiclee3@localhost,astar,17,4.089,35,115.81,0,"[17, 17, 17, 25, 25, 17, 17, 25, 25, 17, 17, 25, 25, 17, 17, 25, 25, 17, 17, 25, 25, 17, 17, 25, 25, 17, 17, 25, 25, 17, 17, 25, 25, 17, 25]"
2025-11-19 23:43:15.599,,order_101000020,astar,1,1.014,4,12.445,0.457,"[Node(17), Node(22), Node(23), Node(24)]"
2025-11-19 23:43:15.603,,order_101000020,astar,1,1.526,4,5.062,0.457,"[Node(17), Node(22), Node(23), Node(24)]"
2025-11-19 23:43:15.612,,vehiclee2@localhost,astar,5,3.043,11,66.905,0,"[25, 17, 25, 17, 25, 17, 25, 17, 24, 17, 25]"
2025-11-19 23:43:15.615,,order_101000020,astar,1,1.024,4,5.062,0.457,"[Node(17), Node(22), Node(23), Node(24)]"
2025-11-19 23:43:15.634,,vehiclee3@localhost,astar,1,1.525,3,11.787,0,"[25, 17, 24]"
2025-11-19 23:43:16.611,,vehiclee1@localhost,astar,18,5.601,37,112.005,0,"[24, 17, 17, 24, 24, 17, 17, 24, 24, 17, 17, 24, 24, 17, 17, 24, 24, 17, 17, 24, 24, 17, 17, 24, 24, 17, 17, 24, 24, 17, 17, 24, 24, 17, 17, 24, 24]"
2025-11-19 23:43:18.541,,order_202000009,astar,1,1.019,2,11.239,0.162,"[Node(16), Node(17)]"
2025-11-19 23:43:18.542,,vehiclee1@localhost,astar,1,1.018,3,11.239,0,"[24, 16, 17]"
2025-11-19 23:43:18.545,,order_202000009,astar,1,1.014,2,4.985,0.162,"[Node(16), Node(17)]"
2025-11-19 23:43:18.548,,vehiclee2@localhost,astar,5,3.611,11,66.17,0,"[25, 17, 25, 17, 25, 17, 25, 17, 25, 16, 17]"
2025-11-19 23:43:18.551,,order_202000009,astar,1,1.016,2,4.985,0.162,"[Node(16), Node(17)]"
2025-11-19 23:43:18.552,,vehiclee3@localhost,astar,1,1.534,3,11.71,0,"[25, 16, 17]"
2025-11-19 23:43:20.601,,order_101000021,astar,1,1.015,4,12.445,0.457,"[Node(17), Node(22), Node(23), Node(24)]"
2025-11-19 23:43:20.605,,order_101000021,astar,1,1.021,4,5.062,0.457,"[Node(17), Node(22), Node(23), Node(24)]"
2025-11-19 23:43:20.614,,vehiclee2@localhost,astar,5,2.541,11,66.905,0,"[25, 17, 25, 17, 25, 17, 25, 17, 24, 17, 25]"
2025-11-19 23:43:20.616,,order_101000021,astar,1,1.015,4,5.062,0.457,"[Node(17), Node(22), Node(23), Node(24)]"
2025-11-19 23:43:20.636,,vehiclee3@localhost,astar,1,1.525,3,11.787,0,"[25, 17, 24]"
2025-11-19 23:43:20.638,,order_102000035,astar,1,1.018,5,14.273,0.565,"[Node(17), Node(22), Node(23), Node(24), Node(25)]"
2025-11-19 23:43:20.658,,vehiclee1@localhost,astar,1,1.526,3,14.273,0,"[24, 17, 25]"
2025-11-19 23:43:20.660,,order_102000035,astar,1,1.037,5,6.89,0.565,"[Node(17), Node(22), Node(23), Node(24), Node(25)]"
2025-11-19 23:43:20.669,,vehiclee2@localhost,astar,5,2.037,11,68.075,0,"[25, 17, 25, 17, 25, 17, 25, 17, 25, 17, 25]"
2025-11-19 23:43:20.671,,order_102000035,astar,1,1.017,5,6.89,0.565,"[Node(17), Node(22), Node(23), Node(24), Node(25)]"
2025-11-19 23:43:21.608,,vehiclee1@localhost,astar,19,5.601,39,124.45,0,"[24, 17, 17, 24, 24, 17, 17, 24, 24, 17, 17, 24, 24, 17, 17, 24, 24, 17, 17, 24, 24, 17, 17, 24, 24, 17, 17, 24, 24, 17, 17, 24, 24, 17, 17, 24, 24, 17, 24]"
2025-11-19 23:43:21.613,,vehiclee3@localhost,astar,18,4.09,37,115.81,0,"[17, 17, 17, 25, 25, 17, 17, 25, 25, 17, 17, 25, 25, 17, 17, 25, 25, 17, 17, 25, 25, 17, 17, 25, 25, 17, 17, 25, 25, 17, 17, 25, 25, 17, 17, 25, 25]"
2025-11-19 23:43:25.605,,order_101000022,astar,1,1.011,4,7.126,0.457,"[Node(17), Node(22), Node(23), Node(24)]"
2025-11-19 23:43:25.609,,order_101000022,astar,1,1.02,4,5.062,0.457,"[Node(17), Node(22), Node(23), Node(24)]"
2025-11-19 23:43:25.618,,vehiclee2@localhost,astar,5,2.543,11,66.905,0,"[25, 17, 25, 17, 24, 17, 25, 17, 25, 17, 25]"
2025-11-19 23:43:25.621,,order_101000022,astar,1,1.013,4,5.062,0.457,"[Node(17), Node(22), Node(23), Node(24)]"
2025-11-19 23:43:25.641,,vehiclee3@localhost,astar,1,1.528,3,11.787,0,"[25, 17, 24]"
2025-11-19 23:43:25.644,,order_102000036,astar,1,1.535,5,8.954,0.565,"[Node(17), Node(22), Node(23), Node(24), Node(25)]"
2025-11-19 23:43:25.665,,vehiclee1@localhost,astar,1,1.556,3,14.273,0,"[24, 17, 25]"
2025-11-19 23:43:25.668,,order_102000036,astar,1,1.016,5,6.89,0.565,"[Node(17), Node(22), Node(23), Node(24), Node(25)]"
2025-11-19 23:43:25.676,,vehiclee2@localhost,astar,5,2.041,11,68.075,0,"[25, 17, 25, 17, 25, 17, 25, 17, 25, 17, 25]"
2025-11-19 23:43:25.678,,order_102000036,astar,1,1.016,5,6.89,0.565,"[Node(17), Node(22), Node(23), Node(24), Node(25)]"
2025-11-19 23:43:26.613,,vehiclee1@localhost,astar,20,6.11,41,119.131,0,"[18, 17, 17, 24, 24, 17, 17, 24, 24, 17, 17, 24, 24, 17, 17, 24, 24, 17, 17, 24, 24, 17, 17, 24, 24, 17, 17, 24, 24, 17, 17, 24, 24, 17, 17, 24, 24, 17, 17, 24, 24]"
2025-11-19 23:43:26.618,,vehiclee3@localhost,astar,19,4.579,39,129.425,0,"[17, 17, 17, 25, 25, 17, 17, 25, 25, 17, 17, 25, 25, 17, 17, 25, 25, 17, 17, 25, 25, 17, 17, 25, 25, 17, 17, 25, 25, 17, 17, 25, 25, 17, 17, 25, 25, 17, 25]"
2025-11-19 23:43:30.586,,order_102000037,astar,1,1.016,5,8.954,0.565,"[Node(17), Node(22), Node(23), Node(24), Node(25)]"
2025-11-19 23:43:30.609,,vehiclee1@localhost,astar,1,1.538,3,14.273,0,"[24, 17, 25]"
2025-11-19 23:43:30.612,,order_102000037,astar,1,1.014,5,6.89,0.565,"[Node(17), Node(22), Node(23), Node(24), Node(25)]"
2025-11-19 23:43:30.620,,vehiclee2@localhost,astar,5,1.527,11,68.075,0,"[25, 17, 25, 17, 25, 17, 25, 17, 25, 17, 25]"
2025-11-19 23:43:30.623,,order_102000037,astar,1,1.552,5,6.89,0.565,"[Node(17), Node(22), Node(23), Node(24), Node(25)]"
2025-11-19 23:43:31.569,,vehiclee3@localhost,astar,20,4.582,41,129.425,0,"[17, 17, 17, 25, 25, 17, 17, 25, 25, 17, 17, 25, 25, 17, 17, 25, 25, 17, 17, 25, 25, 17, 17, 25, 25, 17, 17, 25, 25, 17, 17, 25, 25, 17, 17, 25, 25, 17, 17, 25, 25]"
2025-11-19 23:43:35.597,,order_101000023,astar,1,1.018,4,5.062,0.457,"[Node(17), Node(22), Node(23), Node(24)]"
2025-11-19 23:43:35.601,,order_101000023,astar,1,1.014,4,5.062,0.457,"[Node(17), Node(22), Node(23), Node(24)]"
2025-11-19 23:43:35.610,,vehiclee2@localhost,astar,5,2.034,11,66.247,0,"[25, 17, 25, 17, 25, 17, 25, 17, 25, 17, 24]"
2025-11-19 23:43:35.612,,order_101000023,astar,1,1.014,4,5.062,0.457,"[Node(17), Node(22), Node(23), Node(24)]"
2025-11-19 23:43:35.635,,vehiclee3@localhost,astar,1,1.021,3,11.787,0,"[25, 17, 24]"
2025-11-19 23:43:36.579,,vehiclee1@localhost,astar,21,6.103,43,129.512,0,"[17, 17, 17, 24, 24, 17, 17, 24, 24, 17, 17, 24, 24, 17, 17, 24, 24, 17, 17, 24, 24, 17, 17, 24, 24, 17, 17, 24, 24, 17, 17, 24, 24, 17, 17, 24, 24, 17, 17, 24, 24, 17, 24]"
2025-11-19 23:43:40.591,,order_101000024,astar,1,2.028,4,5.062,0.457,"[Node(17), Node(22), Node(23), Node(24)]"
2025-11-19 23:43:40.596,,order_101000024,astar,1,1.027,4,5.062,0.457,"[Node(17), Node(22), Node(23), Node(24)]"
2025-11-19 23:43:40.605,,vehiclee2@localhost,astar,5,3.038,11,66.905,0,"[25, 17, 25, 17, 25, 17, 25, 17, 24, 17, 25]"
2025-11-19 23:43:40.608,,order_101000024,astar,1,1.018,4,5.062,0.457,"[Node(17), Node(22), Node(23), Node(24)]"
2025-11-19 23:43:40.630,,vehiclee3@localhost,astar,1,1.519,3,11.787,0,"[25, 17, 24]"
2025-11-19 23:43:41.572,,vehiclee1@localhost,astar,22,5.606,45,129.512,0,"[17, 17, 17, 24, 24, 17, 17, 24, 24, 17, 17, 24, 24, 17, 17, 24, 24, 17, 17, 24, 24, 17, 17, 24, 24, 17, 17, 24, 24, 17, 17, 24, 24, 17, 17, 24, 24, 17, 17, 24, 24, 17, 17, 24, 24]"
2025-11-19 23:43:45.593,,order_101000025,astar,1,1.022,4,5.062,0.457,"[Node(17), Node(22), Node(23), Node(24)]"
2025-11-19 23:43:45.597,,order_101000025,astar,1,1.018,4,5.062,0.457,"[Node(17), Node(22), Node(23), Node(24)]"
2025-11-19 23:43:45.607,,vehiclee2@localhost,astar,5,3.057,11,66.905,0,"[25, 17, 24, 17, 25, 17, 25, 17, 25, 17, 25]"
2025-11-19 23:43:45.609,,order_101000025,astar,1,1.014,4,5.062,0.457,"[Node(17), Node(22), Node(23), Node(24)]"
2025-11-19 23:43:45.632,,vehiclee3@localhost,astar,1,1.515,3,11.787,0,"[25, 17, 24]"
2025-11-19 23:43:46.576,,vehiclee1@localhost,astar,23,5.603,47,141.957,0,"[17, 17, 17, 24, 24, 17, 17, 24, 24, 17, 17, 24, 24, 17, 17, 24, 24, 17, 17, 24, 24, 17, 17, 24, 24, 17, 17, 24, 24, 17, 17, 24, 24, 17, 17, 24, 24, 17, 17, 24, 24, 17, 17, 24, 24, 17, 24]"
2025-11-19 23:43:50.600,,order_101000026,astar,1,1.012,4,5.062,0.457,"[Node(17), Node(22), Node(23), Node(24)]"
2025-11-19 23:43:50.604,,order_101000026,astar,1,1.528,4,5.062,0.457,"[Node(17), Node(22), Node(23), Node(24)]"
2025-11-19 23:43:50.613,,vehiclee2@localhost,astar,5,2.537,11,66.247,0,"[25, 17, 25, 17, 25, 17, 25, 17, 25, 17, 24]"
2025-11-19 23:43:50.615,,order_101000026,astar,1,1.014,4,5.062,0.457,"[Node(17), Node(22), Node(23), Node(24)]"
2025-11-19 23:43:50.637,,vehiclee3@localhost,astar,1,1.024,3,11.787,0,"[25, 17, 24]"
2025-11-19 23:43:51.614,,vehiclee1@localhost,astar,24,6.608,49,141.957,0,"[17, 17, 17, 24, 24, 17, 17, 24, 24, 17, 17, 24, 24, 17, 17, 24, 24, 17, 17, 24, 24, 17, 17, 24, 24, 17, 17, 24, 24, 17, 17, 24, 24, 17, 17, 24, 24, 17, 17, 24, 24, 17, 17, 24, 24, 17, 17, 24, 24]"
2025-11-19 23:43:53.544,,order_202000010,astar,1,1.014,2,4.985,0.162,"[Node(16), Node(17)]"
2025-11-19 23:43:53.546,,vehiclee1@localhost,astar,1,1.532,3,11.239,0,"[24, 16, 17]"
2025-11-19 23:43:53.548,,order_202000010,astar,1,1.019,2,4.985,0.162,"[Node(16), Node(17)]"
2025-11-19 23:43:53.552,,vehiclee2@localhost,astar,5,3.572,11,66.17,0,"[25, 17, 25, 17, 25, 17, 25, 17, 25, 16, 17]"
2025-11-19 23:43:53.554,,order_202000010,astar,1,1.024,2,4.985,0.162,"[Node(16), Node(17)]"
2025-11-19 23:43:53.555,,vehiclee3@localhost,astar,1,1.531,3,11.71,0,"[25, 16, 17]"
2025-11-19 23:43:55.589,,order_102000038,astar,1,1.52,5,6.89,0.565,"[Node(17), Node(22), Node(23), Node(24), Node(25)]"
2025-11-19 23:43:55.617,,vehiclee1@localhost,astar,1,1.024,3,14.273,0,"[24, 17, 25]"
2025-11-19 23:43:55.620,,order_102000038,astar,1,1.016,5,6.89,0.565,"[Node(17), Node(22), Node(23), Node(24), Node(25)]"
2025-11-19 23:43:55.628,,vehiclee2@localhost,astar,5,2.03,11,68.075,0,"[25, 17, 25, 17, 25, 17, 25, 17, 25, 17, 25]"
2025-11-19 23:43:55.630,,order_102000038,astar,1,1.019,5,6.89,0.565,"[Node(17), Node(22), Node(23), Node(24), Node(25)]"
2025-11-19 23:43:56.570,,vehiclee3@localhost,astar,21,5.097,43,143.04,0,"[17, 17, 17, 25, 25, 17, 17, 25, 25, 17, 17, 25, 25, 17, 17, 25, 25, 17, 17, 25, 25, 17, 17, 25, 25, 17, 17, 25, 25, 17, 17, 25, 25, 17, 17, 25, 25, 17, 17, 25, 25, 17, 25]"
2025-11-19 23:44:15.587,,order_102000039,astar,1,1.019,5,6.89,0.565,"[Node(17), Node(22), Node(23), Node(24), Node(25)]"
2025-11-19 23:44:15.614,,vehiclee1@localhost,astar,1,1.014,3,14.273,0,"[24, 17, 25]"
2025-11-19 23:44:15.616,,order_102000039,astar,1,1.023,5,6.89,0.565,"[Node(17), Node(22), Node(23), Node(24), Node(25)]"
2025-11-19 23:44:15.624,,vehiclee2@localhost,astar,5,1.525,11,68.075,0,"[25, 17, 25, 17, 25, 17, 25, 17, 25, 17, 25]"
2025-11-19 23:44:15.626,,order_102000039,astar,1,1.013,5,6.89,0.565,"[Node(17), Node(22), Node(23), Node(24), Node(25)]"
2025-11-19 23:44:16.572,,vehiclee3@localhost,astar,22,6.601,45,143.04,0,"[17, 17, 17, 25, 25, 17, 17, 25, 25, 17, 17, 25, 25, 17, 17, 25, 25, 17, 17, 25, 25, 17, 17, 25, 25, 17, 17, 25, 25, 17, 17, 25, 25, 17, 17, 25, 25, 17, 17, 25, 25, 17, 17, 25, 25]"
2025-11-19 23:44:20.584,,order_102000040,astar,1,1.015,5,6.89,0.565,"[Node(17), Node(22), Node(23), Node(24), Node(25)]"
2025-11-19 23:44:20.611,,vehiclee1@localhost,astar,1,1.016,3,14.273,0,"[24, 17, 25]"
2025-11-19 23:44:20.613,,order_102000040,astar,1,1.022,5,6.89,0.565,"[Node(17), Node(22), Node(23), Node(24), Node(25)]"
2025-11-19 23:44:20.622,,vehiclee2@localhost,astar,5,2.035,11,68.075,0,"[25, 17, 25, 17, 25, 17, 25, 17, 25, 17, 25]"
2025-11-19 23:44:20.625,,order_102000040,astar,1,1.021,5,6.89,0.565,"[Node(17), Node(22), Node(23), Node(24), Node(25)]"
2025-11-19 23:44:21.582,,vehiclee3@localhost,astar,23,5.078,47,156.655,0,"[17, 17, 17, 25, 25, 17, 17, 25, 25, 17, 17, 25, 25, 17, 17, 25, 25, 17, 17, 25, 25, 17, 17, 25, 25, 17, 17, 25, 25, 17, 17, 25, 25, 17, 17, 25, 25, 17, 17, 25, 25, 17, 17, 25, 25, 17, 25]"
2025-11-19 23:44:25.595,,order_101000027,astar,1,1.015,4,5.062,0.457,"[Node(17), Node(22), Node(23), Node(24)]"
2025-11-19 23:44:25.600,,order_101000027,astar,1,1.524,4,5.062,0.457,"[Node(17), Node(22), Node(23), Node(24)]"
2025-11-19 23:44:25.611,,vehiclee2@localhost,astar,5,3.549,11,66.905,0,"[25, 17, 25, 17, 25, 17, 24, 17, 25, 17, 25]"
2025-11-19 23:44:25.614,,order_101000027,astar,1,1.018,4,5.062,0.457,"[Node(17), Node(22), Node(23), Node(24)]"
2025-11-19 23:44:25.646,,vehiclee3@localhost,astar,1,1.529,3,11.787,0,"[25, 17, 24]"
2025-11-19 23:44:25.648,,order_102000041,astar,1,1.018,5,6.89,0.565,"[Node(17), Node(22), Node(23), Node(24), Node(25)]"
2025-11-19 23:44:25.682,,vehiclee1@localhost,astar,1,1.016,3,14.273,0,"[24, 17, 25]"
2025-11-19 23:44:25.685,,order_102000041,astar,1,1.533,5,6.89,0.565,"[Node(17), Node(22), Node(23), Node(24), Node(25)]"
2025-11-19 23:44:25.696,,vehiclee2@localhost,astar,5,3.047,11,68.075,0,"[25, 17, 25, 17, 25, 17, 25, 17, 25, 17, 25]"
2025-11-19 23:44:25.699,,order_102000041,astar,1,1.025,5,6.89,0.565,"[Node(17), Node(22), Node(23), Node(24), Node(25)]"
2025-11-19 23:44:26.579,,vehiclee3@localhost,astar,24,7.153,49,156.655,0,"[17, 17, 17, 25, 25, 17, 17, 25, 25, 17, 17, 25, 25, 17, 17, 25, 25, 17, 17, 25, 25, 17, 17, 25, 25, 17, 17, 25, 25, 17, 17, 25, 25, 17, 17, 25, 25, 17, 17, 25, 25, 17, 17, 25, 25, 17, 17, 25, 25]"
2025-11-19 23:44:26.586,,vehiclee1@localhost,astar,25,5.674,51,17.507,0,"[17, 17, 17, 17, 17, 17, 17, 17, 17, 17, 17, 17, 17, 17, 17, 17, 17, 17, 17, 17, 17, 17, 17, 24, 24, 24, 24, 24, 24, 24, 24, 24, 24, 24, 24, 24, 24, 24, 24, 24, 24, 24, 24, 24, 24, 17, 17, 17, 24, 24, 24]"
2025-11-19 23:44:30.601,,order_102000042,astar,1,2.038,5,6.89,0.565,"[Node(17), Node(22), Node(23), Node(24), Node(25)]"
2025-11-19 23:44:30.612,,vehiclee1@localhost,astar,1,1.018,3,14.273,0,"[24, 17, 25]"
2025-11-19 23:44:30.614,,order_102000042,astar,1,1.016,5,6.89,0.565,"[Node(17), Node(22), Node(23), Node(24), Node(25)]"
2025-11-19 23:44:30.622,,vehiclee2@localhost,astar,5,1.526,11,68.075,0,"[25, 17, 25, 17, 25, 17, 25, 17, 25, 17, 25]"
2025-11-19 23:44:30.625,,order_102000042,astar,1,1.017,5,6.89,0.565,"[Node(17), Node(22), Node(23), Node(24), Node(25)]"
2025-11-19 23:44:30.630,,order_101000028,astar,1,1.526,4,5.062,0.457,"[Node(17), Node(22), Node(23), Node(24)]"
2025-11-19 23:44:30.640,,vehiclee1@localhost,astar,1,1.53,3,12.445,0,"[24, 17, 24]"
2025-11-19 23:44:30.643,,order_101000028,astar,1,1.561,4,5.062,0.457,"[Node(17), Node(22), Node(23), Node(24)]"
2025-11-19 23:44:30.651,,vehiclee2@localhost,astar,5,2.542,11,66.247,0,"[25, 17, 25, 17, 25, 17, 25, 17, 25, 17, 24]"
2025-11-19 23:44:30.653,,order_101000028,astar,1,1.022,4,5.062,0.457,"[Node(17), Node(22), Node(23), Node(24)]"
2025-11-19 23:44:30.683,,vehiclee3@localhost,astar,1,1.024,3,11.787,0,"[25, 17, 24]"
2025-11-19 23:44:31.612,,vehiclee3@localhost,astar,25,6.103,51,170.27,0,"[17, 17, 17, 25, 25, 17, 17, 25, 25, 17, 17, 25, 25, 17, 17, 25, 25, 17, 17, 25, 25, 17, 17, 25, 25, 17, 17, 25, 25, 17, 17, 25, 25, 17, 17, 25, 25, 17, 17, 25, 25, 17, 17, 25, 25, 17, 17, 25, 25, 17, 25]"
2025-11-19 23:44:33.544,,order_202000011,astar,1,1.532,2,4.985,0.162,"[Node(16), Node(17)]"
2025-11-19 23:44:33.548,,vehiclee1@localhost,astar,2,3.094,5,23.684,0,"[24, 17, 24, 16, 17]"
2025-11-19 23:44:33.551,,order_202000011,astar,1,2.043,2,4.985,0.162,"[Node(16), Node(17)]"
2025-11-19 23:44:33.558,,vehiclee2@localhost,astar,5,6.133,11,66.17,0,"[25, 17, 25, 17, 25, 17, 25, 17, 25, 16, 17]"
2025-11-19 23:44:33.562,,order_202000011,astar,1,2.069,2,4.985,0.162,"[Node(16), Node(17)]"
2025-11-19 23:44:33.564,,vehiclee3@localhost,astar,1,1.541,3,11.71,0,"[25, 16, 17]"
2025-11-19 23:44:35.593,,order_102000043,astar,1,1.527,5,6.89,0.565,"[Node(17), Node(22), Node(23), Node(24), Node(25)]"
2025-11-19 23:44:35.609,,vehiclee1@localhost,astar,2,2.037,5,26.718,0,"[24, 17, 24, 17, 25]"
2025-11-19 23:44:35.612,,order_102000043,astar,1,1.022,5,6.89,0.565,"[Node(17), Node(22), Node(23), Node(24), Node(25)]"
2025-11-19 23:44:35.620,,vehiclee2@localhost,astar,5,1.54,11,68.075,0,"[25, 17, 25, 17, 25, 17, 25, 17, 25, 17, 25]"
2025-11-19 23:44:35.623,,order_102000043,astar,1,1.538,5,6.89,0.565,"[Node(17), Node(22), Node(23), Node(24), Node(25)]"
2025-11-19 23:44:36.581,,vehiclee3@localhost,astar,26,6.085,53,170.27,0,"[17, 17, 17, 25, 25, 17, 17, 25, 25, 17, 17, 25, 25, 17, 17, 25, 25, 17, 17, 25, 25, 17, 17, 25, 25, 17, 17, 25, 25, 17, 17, 25, 25, 17, 17, 25, 25, 17, 17, 25, 25, 17, 17, 25, 25, 17, 17, 25, 25, 17, 17, 25, 25]"
2025-11-19 23:44:40.597,,order_102000044,astar,1,1.015,5,6.89,0.565,"[Node(17), Node(22), Node(23), Node(24), Node(25)]"
2025-11-19 23:44:40.614,,vehiclee1@localhost,astar,2,2.556,5,26.718,0,"[24, 17, 24, 17, 25]"
2025-11-19 23:44:40.616,,order_102000044,astar,1,1.525,5,6.89,0.565,"[Node(17), Node(22), Node(23), Node(24), Node(25)]"
2025-11-19 23:44:40.626,,vehiclee2@localhost,astar,5,3.049,11,68.075,0,"[25, 17, 25, 17, 25, 17, 25, 17, 25, 17, 25]"
2025-11-19 23:44:40.628,,order_102000044,astar,1,1.014,5,6.89,0.565,"[Node(17), Node(22), Node(23), Node(24), Node(25)]"
2025-11-19 23:44:41.615,,vehiclee3@localhost,astar,27,6.12,55,183.885,0,"[17, 17, 17, 25, 25, 17, 17, 25, 25, 17, 17, 25, 25, 17, 17, 25, 25, 17, 17, 25, 25, 17, 17, 25, 25, 17, 17, 25, 25, 17, 17, 25, 25, 17, 17, 25, 25, 17, 17, 25, 25, 17, 17, 25, 25, 17, 17, 25, 25, 17, 17, 25, 25, 17, 25]"
2025-11-19 23:44:45.597,,order_101000029,astar,1,1.019,4,7.969,0.457,"[Node(17), Node(22), Node(23), Node(24)]"
2025-11-19 23:44:45.615,,order_101000029,astar,1,1.537,4,5.062,0.457,"[Node(17), Node(22), Node(23), Node(24)]"
2025-11-19 23:44:45.624,,vehiclee2@localhost,astar,5,2.573,11,66.247,0,"[25, 17, 25, 17, 25, 17, 25, 17, 25, 17, 24]"
2025-11-19 23:44:45.626,,order_101000029,astar,1,1.024,4,5.062,0.457,"[Node(17), Node(22), Node(23), Node(24)]"
2025-11-19 23:44:45.667,,vehiclee3@localhost,astar,1,2.034,3,11.787,0,"[25, 17, 24]"
2025-11-19 23:44:46.614,,vehiclee1@localhost,astar,26,7.631,53,157.309,0,"[22, 17, 17, 24, 24, 17, 17, 24, 24, 17, 17, 24, 24, 17, 17, 24, 24, 17, 17, 24, 24, 17, 17, 24, 24, 17, 17, 24, 24, 17, 17, 24, 24, 17, 17, 24, 24, 17, 17, 24, 24, 17, 17, 24, 24, 17, 17, 24, 24, 17, 17, 24, 24]"
2025-11-19 23:44:50.604,,order_101000030,astar,1,1.017,4,7.969,0.457,"[Node(17), Node(22), Node(23), Node(24)]"
2025-11-19 23:44:50.607,,vehiclee1@localhost,astar,2,2.037,5,24.89,0,"[24, 17, 24, 17, 24]"
2025-11-19 23:44:50.609,,order_101000030,astar,1,1.018,4,5.062,0.457,"[Node(17), Node(22), Node(23), Node(24)]"
2025-11-19 23:44:50.618,,vehiclee2@localhost,astar,5,3.077,11,66.905,0,"[25, 17, 25, 17, 24, 17, 25, 17, 25, 17, 25]"
2025-11-19 23:44:50.622,,order_101000030,astar,1,2.04,4,5.062,0.457,"[Node(17), Node(22), Node(23), Node(24)]"
2025-11-19 23:44:50.654,,vehiclee3@localhost,astar,1,1.519,3,11.787,0,"[25, 17, 24]"
2025-11-19 23:44:50.657,,order_102000045,astar,1,1.02,5,9.797,0.565,"[Node(17), Node(22), Node(23), Node(24), Node(25)]"
2025-11-19 23:44:50.660,,vehiclee1@localhost,astar,2,2.543,5,26.718,0,"[24, 17, 24, 17, 25]"
2025-11-19 23:44:50.663,,order_102000045,astar,1,1.014,5,6.89,0.565,"[Node(17), Node(22), Node(23), Node(24), Node(25)]"
2025-11-19 23:44:50.671,,vehiclee2@localhost,astar,5,1.529,11,68.075,0,"[25, 17, 25, 17, 25, 17, 25, 17, 25, 17, 25]"
2025-11-19 23:44:50.673,,order_102000045,astar,1,1.02,5,6.89,0.565,"[Node(17), Node(22), Node(23), Node(24), Node(25)]"
2025-11-19 23:44:51.614,,vehiclee3@localhost,astar,28,7.139,57,183.885,0,"[17, 17, 17, 25, 25, 17, 17, 25, 25, 17, 17, 25, 25, 17, 17, 25, 25, 17, 17, 25, 25, 17, 17, 25, 25, 17, 17, 25, 25, 17, 17, 25, 25, 17, 17, 25, 25, 17, 17, 25, 25, 17, 17, 25, 25, 17, 17, 25, 25, 17, 17, 25, 25, 17, 17, 25, 25]"
2025-11-19 23:44:55.590,,order_101000031,astar,1,1.017,4,5.062,0.457,"[Node(17), Node(22), Node(23), Node(24)]"
2025-11-19 23:44:55.594,,vehiclee1@localhost,astar,2,2.043,5,24.89,0,"[24, 17, 24, 17, 24]"
2025-11-19 23:44:55.596,,order_101000031,astar,1,1.013,4,5.062,0.457,"[Node(17), Node(22), Node(23), Node(24)]"
2025-11-19 23:44:55.605,,vehiclee2@localhost,astar,6,2.547,13,78.692,0,"[25, 17, 25, 17, 25, 17, 25, 17, 25, 17, 24, 17, 24]"
2025-11-19 23:44:55.607,,order_101000031,astar,1,1.016,4,5.062,0.457,"[Node(17), Node(22), Node(23), Node(24)]"
2025-11-19 23:44:55.639,,vehiclee3@localhost,astar,1,1.53,3,11.787,0,"[25, 17, 24]"
2025-11-19 23:45:00.592,,order_101000032,astar,1,1.014,4,5.062,0.457,"[Node(17), Node(22), Node(23), Node(24)]"
2025-11-19 23:45:00.595,,vehiclee1@localhost,astar,2,1.523,5,24.89,0,"[24, 17, 24, 17, 24]"
2025-11-19 23:45:00.597,,order_101000032,astar,1,1.018,4,5.062,0.457,"[Node(17), Node(22), Node(23), Node(24)]"
2025-11-19 23:45:00.607,,vehiclee2@localhost,astar,7,3.052,15,91.795,0,"[25, 17, 25, 17, 24, 17, 24, 17, 24, 17, 25, 17, 25, 17, 25]"
2025-11-19 23:45:00.609,,order_101000032,astar,1,1.022,4,5.062,0.457,"[Node(17), Node(22), Node(23), Node(24)]"
2025-11-19 23:45:00.640,,vehiclee3@localhost,astar,1,1.016,3,11.787,0,"[25, 17, 24]"
2025-11-19 23:45:15.596,,order_101000033,astar,1,1.525,4,10.979,0.457,"[Node(17), Node(22), Node(23), Node(24)]"
2025-11-19 23:45:15.599,,vehiclee1@localhost,astar,2,2.033,5,26.948,0,"[24, 17, 24, 17, 24]"
2025-11-19 23:45:15.601,,order_101000033,astar,1,1.038,4,5.062,0.457,"[Node(17), Node(22), Node(23), Node(24)]"
2025-11-19 23:45:15.612,,vehiclee2@localhost,astar,8,3.557,17,114.639,0,"[25, 17, 25, 17, 25, 17, 25, 17, 25, 17, 24, 17, 24, 17, 24, 17, 24]"
2025-11-19 23:45:15.615,,order_101000033,astar,1,1.02,4,5.062,0.457,"[Node(17), Node(22), Node(23), Node(24)]"
2025-11-19 23:45:15.646,,vehiclee3@localhost,astar,1,1.015,3,13.381,0,"[25, 17, 24]"
2025-11-19 23:45:20.604,,order_101000034,astar,1,2.048,4,10.979,0.457,"[Node(17), Node(22), Node(23), Node(24)]"
2025-11-19 23:45:20.609,,vehiclee1@localhost,astar,2,3.058,5,26.948,0,"[24, 17, 24, 17, 24]"
2025-11-19 23:45:20.611,,order_101000034,astar,1,1.526,4,5.062,0.457,"[Node(17), Node(22), Node(23), Node(24)]"
2025-11-19 23:45:20.624,,vehiclee2@localhost,astar,9,5.602,19,128.113,0,"[25, 17, 24, 17, 24, 17, 25, 17, 25, 17, 25, 17, 25, 17, 24, 17, 24, 17, 24]"
2025-11-19 23:45:20.626,,order_101000034,astar,1,1.017,4,5.062,0.457,"[Node(17), Node(22), Node(23), Node(24)]"
2025-11-19 23:45:20.658,,vehiclee3@localhost,astar,1,1.015,3,13.381,0,"[25, 17, 24]"
2025-11-19 23:45:20.661,,order_102000046,astar,1,1.019,5,12.807,0.565,"[Node(17), Node(22), Node(23), Node(24), Node(25)]"
2025-11-19 23:45:20.665,,vehiclee1@localhost,astar,2,3.064,5,28.776,0,"[24, 17, 24, 17, 25]"
2025-11-19 23:45:20.668,,order_102000046,astar,1,1.525,5,6.89,0.565,"[Node(17), Node(22), Node(23), Node(24), Node(25)]"
2025-11-19 23:45:20.678,,vehiclee2@localhost,astar,9,3.57,19,129.848,0,"[25, 17, 24, 17, 25, 17, 25, 17, 24, 17, 25, 17, 25, 17, 25, 17, 24, 17, 24]"
2025-11-19 23:45:20.680,,order_102000046,astar,1,1.018,5,6.89,0.565,"[Node(17), Node(22), Node(23), Node(24), Node(25)]"
2025-11-19 23:45:21.613,,vehiclee3@localhost,astar,29,8.159,59,219.816,0,"[17, 17, 17, 25, 25, 17, 17, 25, 25, 17, 17, 25, 25, 17, 17, 25, 25, 17, 17, 25, 25, 17, 17, 25, 25, 17, 17, 25, 25, 17, 17, 25, 25, 17, 17, 25, 25, 17, 17, 25, 25, 17, 17, 25, 25, 17, 17, 25, 25, 17, 17, 25, 25, 17, 17, 25, 25, 17, 25]"
2025-11-19 23:45:25.598,,order_102000047,astar,1,1.016,5,15.302,0.565,"[Node(17), Node(22), Node(23), Node(24), Node(25)]"
2025-11-19 23:45:25.601,,vehiclee1@localhost,astar,2,2.546,5,28.776,0,"[24, 17, 24, 17, 25]"
2025-11-19 23:45:25.603,,order_102000047,astar,1,1.027,5,6.89,0.565,"[Node(17), Node(22), Node(23), Node(24), Node(25)]"
2025-11-19 23:45:25.614,,vehiclee2@localhost,astar,10,4.118,21,143.415,0,"[25, 17, 25, 17, 24, 17, 25, 17, 25, 17, 25, 17, 24, 17, 24, 17, 24, 17, 24, 17, 25]"
2025-11-19 23:45:25.616,,order_102000047,astar,1,1.022,5,6.89,0.565,"[Node(17), Node(22), Node(23), Node(24), Node(25)]"
2025-11-19 23:45:25.620,,order_101000035,astar,1,1.022,4,13.474,0.457,"[Node(17), Node(22), Node(23), Node(24)]"
2025-11-19 23:45:25.622,,vehiclee1@localhost,astar,2,2.036,5,26.948,0,"[24, 17, 24, 17, 24]"
2025-11-19 23:45:25.624,,order_101000035,astar,1,1.024,4,5.062,0.457,"[Node(17), Node(22), Node(23), Node(24)]"
2025-11-19 23:45:25.634,,vehiclee2@localhost,astar,10,3.058,21,141.587,0,"[25, 17, 25, 17, 25, 17, 25, 17, 25, 17, 24, 17, 24, 17, 24, 17, 24, 17, 24, 17, 24]"
2025-11-19 23:45:25.637,,order_101000035,astar,1,1.018,4,5.062,0.457,"[Node(17), Node(22), Node(23), Node(24)]"
2025-11-19 23:45:25.669,,vehiclee3@localhost,astar,1,1.523,3,13.381,0,"[25, 17, 24]"
2025-11-19 23:45:26.645,,vehiclee3@localhost,astar,30,45.442,61,219.816,0,"[17, 17, 17, 25, 25, 17, 17, 25, 25, 17, 17, 25, 25, 17, 17, 25, 25, 17, 17, 25, 25, 17, 17, 25, 25, 17, 17, 25, 25, 17, 17, 25, 25, 17, 17, 25, 25, 17, 17, 25, 25, 17, 17, 25, 25, 17, 17, 25, 25, 17, 17, 25, 25, 17, 17, 25, 25, 17, 17, 25, 25]"
2025-11-19 23:45:30.595,,order_102000048,astar,1,1.021,5,15.302,0.565,"[Node(17), Node(22), Node(23), Node(24), Node(25)]"
2025-11-19 23:45:30.598,,vehiclee1@localhost,astar,2,2.546,5,28.683,0,"[24, 17, 25, 17, 24]"
2025-11-19 23:45:30.601,,order_102000048,astar,1,1.528,5,6.89,0.565,"[Node(17), Node(22), Node(23), Node(24), Node(25)]"
2025-11-19 23:45:30.610,,vehiclee2@localhost,astar,11,3.595,23,156.796,0,"[25, 17, 25, 17, 24, 17, 24, 17, 25, 17, 24, 17, 25, 17, 25, 17, 25, 17, 24, 17, 24, 17, 24]"
2025-11-19 23:45:30.613,,order_102000048,astar,1,1.025,5,6.89,0.565,"[Node(17), Node(22), Node(23), Node(24), Node(25)]"
2025-11-19 23:45:30.618,,order_101000036,astar,1,1.027,4,13.474,0.457,"[Node(17), Node(22), Node(23), Node(24)]"
2025-11-19 23:45:30.619,,vehiclee1@localhost,astar,2,1.52,5,26.948,0,"[24, 17, 24, 17, 24]"
2025-11-19 23:45:30.622,,order_101000036,astar,1,1.014,4,5.062,0.457,"[Node(17), Node(22), Node(23), Node(24)]"
2025-11-19 23:45:30.632,,vehiclee2@localhost,astar,11,3.036,23,155.061,0,"[25, 17, 25, 17, 25, 17, 24, 17, 25, 17, 25, 17, 24, 17, 24, 17, 24, 17, 24, 17, 24, 17, 24]"
2025-11-19 23:45:30.634,,order_101000036,astar,1,1.013,4,5.062,0.457,"[Node(17), Node(22), Node(23), Node(24)]"
2025-11-19 23:45:30.667,,vehiclee3@localhost,astar,1,1.019,3,13.381,0,"[25, 17, 24]"
2025-11-19 23:45:31.578,,vehiclee3@localhost,astar,31,9.165,63,235.025,0,"[17, 17, 17, 25, 25, 17, 17, 25, 25, 17, 17, 25, 25, 17, 17, 25, 25, 17, 17, 25, 25, 17, 17, 25, 25, 17, 17, 25, 25, 17, 17, 25, 25, 17, 17, 25, 25, 17, 17, 25, 25, 17, 17, 25, 25, 17, 17, 25, 25, 17, 17, 25, 25, 17, 17, 25, 25, 17, 17, 25, 25, 17, 25]"
2025-11-19 23:45:33.535,,order_202000012,astar,1,1.016,2,11.239,0.162,"[Node(16), Node(17)]"
2025-11-19 23:45:33.538,,vehiclee1@localhost,astar,2,2.54,5,23.684,0,"[24, 17, 24, 16, 17]"
2025-11-19 23:45:33.540,,order_202000012,astar,1,1.071,2,4.985,0.162,"[Node(16), Node(17)]"
2025-11-19 23:45:33.546,,vehiclee2@localhost,astar,12,5.602,25,152.156,0,"[25, 17, 24, 17, 24, 17, 24, 17, 24, 17, 25, 17, 24, 17, 25, 17, 24, 17, 25, 17, 25, 17, 24, 16, 17]"
2025-11-19 23:45:33.549,,order_202000012,astar,1,1.014,2,4.985,0.162,"[Node(16), Node(17)]"
2025-11-19 23:45:33.550,,vehiclee3@localhost,astar,1,1.534,3,11.71,0,"[25, 16, 17]"
2025-11-19 23:45:40.597,,order_102000049,astar,1,1.021,5,14.273,0.565,"[Node(17), Node(22), Node(23), Node(24), Node(25)]"
2025-11-19 23:45:40.600,,vehiclee1@localhost,astar,2,2.544,5,26.718,0,"[24, 17, 24, 17, 25]"
2025-11-19 23:45:40.602,,order_102000049,astar,1,1.55,5,6.89,0.565,"[Node(17), Node(22), Node(23), Node(24), Node(25)]"
2025-11-19 23:45:40.612,,vehiclee2@localhost,astar,12,3.552,25,154.532,0,"[25, 17, 24, 17, 25, 17, 25, 17, 25, 17, 25, 17, 25, 17, 24, 17, 24, 17, 24, 17, 24, 17, 24, 17, 24]"
2025-11-19 23:45:40.614,,order_102000049,astar,1,1.022,5,6.89,0.565,"[Node(17), Node(22), Node(23), Node(24), Node(25)]"
2025-11-19 23:45:41.611,,vehiclee3@localhost,astar,32,8.14,65,20.505,0,"[17, 17, 17, 17, 17, 17, 17, 17, 17, 17, 17, 17, 17, 17, 17, 17, 17, 17, 25, 25, 25, 25, 25, 25, 25, 25, 25, 25, 25, 25, 25, 25, 25, 25, 25, 17, 17, 17, 17, 17, 17, 17, 17, 17, 17, 17, 17, 17, 17, 17, 25, 25, 25, 25, 25, 25, 25, 25, 25, 25, 25, 25, 25, 25, 25]"
2025-11-19 23:45:45.595,,order_102000050,astar,1,1.52,5,8.954,0.565,"[Node(17), Node(22), Node(23), Node(24), Node(25)]"
2025-11-19 23:45:45.597,,vehiclee1@localhost,astar,2,2.536,5,26.718,0,"[24, 17, 24, 17, 25]"
2025-11-19 23:45:45.600,,order_102000050,astar,1,1.013,5,6.89,0.565,"[Node(17), Node(22), Node(23), Node(24), Node(25)]"
2025-11-19 23:45:45.605,,vehiclee2@localhost,astar,12,5.079,25,155.19,0,"[25, 17, 25, 17, 24, 17, 25, 17, 25, 17, 24, 17, 25, 17, 24, 17, 24, 17, 24, 17, 24, 17, 24, 17, 25]"
2025-11-19 23:45:45.607,,order_102000050,astar,1,1.547,5,6.89,0.565,"[Node(17), Node(22), Node(23), Node(24), Node(25)]"
2025-11-19 23:45:45.628,,order_101000037,astar,1,1.019,4,7.126,0.457,"[Node(17), Node(22), Node(23), Node(24)]"
2025-11-19 23:45:45.630,,vehiclee1@localhost,astar,2,2.038,5,24.89,0,"[24, 17, 24, 17, 24]"
2025-11-19 23:45:45.632,,order_101000037,astar,1,1.015,4,5.062,0.457,"[Node(17), Node(22), Node(23), Node(24)]"
2025-11-19 23:45:45.636,,vehiclee2@localhost,astar,12,3.549,25,154.02,0,"[25, 17, 24, 17, 25, 17, 24, 17, 24, 17, 25, 17, 25, 17, 24, 17, 24, 17, 24, 17, 24, 17, 24, 17, 25]"
2025-11-19 23:45:45.638,,order_101000037,astar,1,1.02,4,5.062,0.457,"[Node(17), Node(22), Node(23), Node(24)]"
2025-11-19 23:45:45.665,,vehiclee3@localhost,astar,1,1.018,3,11.787,0,"[25, 17, 24]"
2025-11-19 23:45:46.577,,vehiclee3@localhost,astar,33,9.194,67,224.73,0,"[17, 17, 17, 25, 25, 17, 17, 25, 25, 17, 17, 25, 25, 17, 17, 25, 25, 17, 17, 25, 25, 17, 17, 25, 25, 17, 17, 25, 25, 17, 17, 25, 25, 17, 17, 25, 25, 17, 17, 25, 25, 17, 17, 25, 25, 17, 17, 25, 25, 17, 17, 25, 25, 17, 17, 25, 25, 17, 17, 25, 25, 17, 17, 25, 25, 17, 25]"
2025-11-19 23:45:48.534,,order_202000013,astar,1,1.533,2,7.049,0.162,"[Node(16), Node(17)]"
2025-11-19 23:45:48.537,,vehiclee1@localhost,astar,2,2.545,5,23.684,0,"[24, 17, 24, 16, 17]"
2025-11-19 23:45:48.539,,order_202000013,astar,1,1.05,2,4.985,0.162,"[Node(16), Node(17)]"
2025-11-19 23:45:48.546,,vehiclee2@localhost,astar,12,5.596,25,152.156,0,"[25, 17, 25, 17, 25, 17, 24, 17, 24, 17, 24, 17, 25, 17, 24, 17, 24, 17, 25, 17, 24, 17, 24, 16, 17]"
2025-11-19 23:45:48.548,,order_202000013,astar,1,1.018,2,4.985,0.162,"[Node(16), Node(17)]"
2025-11-19 23:45:48.552,,vehiclee3@localhost,astar,2,3.044,5,23.026,0,"[25, 17, 24, 16, 17]"
2025-11-19 23:45:50.605,,order_102000051,astar,1,1.017,5,8.954,0.565,"[Node(17), Node(22), Node(23), Node(24), Node(25)]"
2025-11-19 23:45:50.608,,vehiclee1@localhost,astar,2,3.061,5,26.06,0,"[24, 17, 25, 17, 24]"
2025-11-19 23:45:50.610,,order_102000051,astar,1,1.014,5,6.89,0.565,"[Node(17), Node(22), Node(23), Node(24), Node(25)]"
2025-11-19 23:45:50.614,,vehiclee2@localhost,astar,12,3.555,25,154.532,0,"[25, 17, 24, 17, 24, 17, 24, 17, 24, 17, 24, 17, 25, 17, 25, 17, 24, 17, 25, 17, 25, 17, 25, 17, 24]"
2025-11-19 23:45:50.617,,order_102000051,astar,1,1.018,5,6.89,0.565,"[Node(17), Node(22), Node(23), Node(24), Node(25)]"
2025-11-19 23:45:50.620,,vehiclee3@localhost,astar,2,2.567,5,26.06,0,"[25, 17, 24, 17, 25]"
2025-11-19 23:45:50.622,,order_101000038,astar,1,1.017,4,7.126,0.457,"[Node(17), Node(22), Node(23), Node(24)]"
2025-11-19 23:45:50.624,,vehiclee1@localhost,astar,2,2.049,5,24.89,0,"[24, 17, 24, 17, 24]"
2025-11-19 23:45:50.627,,order_101000038,astar,1,1.528,4,5.062,0.457,"[Node(17), Node(22), Node(23), Node(24)]"
2025-11-19 23:45:50.631,,vehiclee2@localhost,astar,12,3.559,25,153.362,0,"[25, 17, 24, 17, 25, 17, 25, 17, 25, 17, 24, 17, 24, 17, 24, 17, 25, 17, 24, 17, 24, 17, 24, 17, 24]"
2025-11-19 23:45:50.633,,order_101000038,astar,1,1.56,4,5.062,0.457,"[Node(17), Node(22), Node(23), Node(24)]"
2025-11-19 23:45:50.635,,vehiclee3@localhost,astar,2,2.045,5,24.232,0,"[25, 17, 24, 17, 24]"
2025-11-19 23:45:55.594,,order_102000052,astar,1,1.021,5,6.89,0.565,"[Node(17), Node(22), Node(23), Node(24), Node(25)]"
2025-11-19 23:45:55.601,,vehiclee1@localhost,astar,2,2.585,5,26.718,0,"[24, 17, 24, 17, 25]"
2025-11-19 23:45:55.603,,order_102000052,astar,1,1.027,5,9.797,0.565,"[Node(17), Node(22), Node(23), Node(24), Node(25)]"
2025-11-19 23:45:55.608,,vehiclee2@localhost,astar,14,4.087,29,181.25,0,"[25, 17, 25, 17, 25, 17, 25, 17, 25, 17, 24, 17, 24, 17, 24, 17, 24, 17, 24, 17, 24, 17, 24, 17, 24, 17, 25, 17, 25]"
2025-11-19 23:45:55.610,,order_102000052,astar,1,1.017,5,6.89,0.565,"[Node(17), Node(22), Node(23), Node(24), Node(25)]"
2025-11-19 23:45:55.613,,vehiclee3@localhost,astar,2,2.555,5,26.06,0,"[25, 17, 24, 17, 25]"
2025-11-19 23:46:00.594,,order_102000053,astar,1,1.015,5,6.89,0.565,"[Node(17), Node(22), Node(23), Node(24), Node(25)]"
2025-11-19 23:46:00.602,,vehiclee1@localhost,astar,3,3.062,7,40.333,0,"[24, 17, 25, 17, 24, 17, 25]"
2025-11-19 23:46:00.604,,order_102000053,astar,1,1.014,5,9.797,0.565,"[Node(17), Node(22), Node(23), Node(24), Node(25)]"
2025-11-19 23:46:00.608,,vehiclee2@localhost,astar,14,3.593,29,181.25,0,"[25, 17, 24, 17, 25, 17, 24, 17, 24, 17, 24, 17, 25, 17, 25, 17, 25, 17, 24, 17, 24, 17, 24, 17, 24, 17, 25, 17, 25]"
2025-11-19 23:46:00.611,,order_102000053,astar,1,1.522,5,6.89,0.565,"[Node(17), Node(22), Node(23), Node(24), Node(25)]"
2025-11-19 23:46:00.613,,vehiclee3@localhost,astar,2,2.548,5,26.06,0,"[25, 17, 24, 17, 25]"
2025-11-19 23:46:00.616,,order_101000039,astar,1,1.016,4,5.062,0.457,"[Node(17), Node(22), Node(23), Node(24)]"
2025-11-19 23:46:00.621,,vehiclee1@localhost,astar,3,3.056,7,38.505,0,"[24, 17, 24, 17, 25, 17, 24]"
2025-11-19 23:46:00.623,,order_101000039,astar,1,1.054,4,7.969,0.457,"[Node(17), Node(22), Node(23), Node(24)]"
2025-11-19 23:46:00.628,,vehiclee2@localhost,astar,14,4.58,29,179.422,0,"[25, 17, 25, 17, 25, 17, 24, 17, 24, 17, 24, 17, 24, 17, 25, 17, 24, 17, 24, 17, 25, 17, 25, 17, 24, 17, 24, 17, 24]"
2025-11-19 23:46:00.630,,order_101000039,astar,1,1.015,4,5.062,0.457,"[Node(17), Node(22), Node(23), Node(24)]"
2025-11-19 23:46:00.632,,vehiclee3@localhost,astar,2,2.037,5,24.232,0,"[25, 17, 24, 17, 24]"
2025-11-19 23:46:03.542,,order_202000014,astar,1,1.014,2,5.734,0.162,"[Node(16), Node(17)]"
2025-11-19 23:46:03.547,,vehiclee1@localhost,astar,3,5.111,7,37.299,0,"[24, 17, 25, 17, 24, 16, 17]"
2025-11-19 23:46:03.550,,order_202000014,astar,1,1.53,2,8.743,0.162,"[Node(16), Node(17)]"
2025-11-19 23:46:03.556,,vehiclee2@localhost,astar,16,6.106,33,204.276,0,"[25, 17, 24, 17, 24, 17, 24, 17, 24, 17, 25, 17, 24, 17, 25, 17, 24, 17, 25, 17, 25, 17, 24, 17, 25, 17, 25, 17, 24, 17, 24, 16, 17]"
2025-11-19 23:46:03.558,,order_202000014,astar,1,1.021,2,4.985,0.162,"[Node(16), Node(17)]"
2025-11-19 23:46:03.562,,vehiclee3@localhost,astar,2,3.599,5,23.026,0,"[25, 17, 24, 16, 17]"
2025-11-19 23:46:10.598,,order_101000040,astar,1,1.02,4,7.969,0.457,"[Node(17), Node(22), Node(23), Node(24)]"
2025-11-19 23:46:10.602,,order_101000040,astar,1,1.519,4,10.974,0.457,"[Node(17), Node(22), Node(23), Node(24)]"
2025-11-19 23:46:10.607,,vehiclee2@localhost,astar,16,4.584,33,205.482,0,"[25, 17, 25, 17, 24, 17, 24, 17, 24, 17, 25, 17, 24, 17, 24, 17, 24, 17, 24, 17, 24, 17, 25, 17, 25, 17, 25, 17, 25, 17, 24, 17, 24]"
2025-11-19 23:46:10.609,,order_101000040,astar,1,1.523,4,5.062,0.457,"[Node(17), Node(22), Node(23), Node(24)]"
2025-11-19 23:46:10.612,,vehiclee3@localhost,astar,2,2.572,5,24.232,0,"[25, 17, 24, 17, 24]"
2025-11-19 23:46:10.614,,order_102000054,astar,1,1.53,5,9.797,0.565,"[Node(17), Node(22), Node(23), Node(24), Node(25)]"
2025-11-19 23:46:10.618,,vehiclee1@localhost,astar,3,2.559,7,40.333,0,"[24, 17, 24, 17, 25, 17, 25]"
2025-11-19 23:46:10.621,,order_102000054,astar,1,1.014,5,12.802,0.565,"[Node(17), Node(22), Node(23), Node(24), Node(25)]"
2025-11-19 23:46:10.625,,vehiclee2@localhost,astar,16,3.567,33,207.31,0,"[25, 17, 24, 17, 25, 17, 25, 17, 25, 17, 24, 17, 25, 17, 24, 17, 24, 17, 24, 17, 24, 17, 24, 17, 24, 17, 25, 17, 25, 17, 24, 17, 25]"
2025-11-19 23:46:10.628,,order_102000054,astar,1,1.022,5,6.89,0.565,"[Node(17), Node(22), Node(23), Node(24), Node(25)]"
2025-11-19 23:46:10.631,,vehiclee3@localhost,astar,2,3.045,5,26.06,0,"[25, 17, 24, 17, 25]"
2025-11-19 23:46:11.606,,vehiclee1@localhost,astar,25,7.121,51,20.414,0,"[22, 17, 17, 17, 17, 17, 17, 17, 17, 17, 17, 17, 17, 17, 17, 17, 17, 17, 17, 17, 17, 17, 24, 24, 24, 24, 24, 24, 24, 24, 24, 24, 24, 24, 24, 24, 24, 24, 24, 24, 24, 24, 24, 17, 17, 17, 17, 24, 24, 24, 24]"
2025-11-19 23:46:11.684,,vehiclee2@localhost,astar,15,3.57,31,193.695,0,"[25, 17, 24, 17, 25, 17, 24, 17, 25, 17, 24, 17, 24, 17, 24, 17, 25, 17, 24, 17, 24, 17, 24, 17, 25, 17, 24, 17, 25, 17, 25]"
2025-11-19 23:46:20.597,,order_101000041,astar,1,1.021,4,5.062,0.457,"[Node(17), Node(22), Node(23), Node(24)]"
2025-11-19 23:46:20.601,,vehiclee1@localhost,astar,4,3.06,9,52.778,0,"[24, 17, 24, 17, 24, 17, 25, 17, 25]"
2025-11-19 23:46:20.604,,order_101000041,astar,1,2.04,4,11.787,0.457,"[Node(17), Node(22), Node(23), Node(24)]"
2025-11-19 23:46:20.609,,order_101000041,astar,1,1.019,4,5.062,0.457,"[Node(17), Node(22), Node(23), Node(24)]"
2025-11-19 23:46:20.611,,vehiclee3@localhost,astar,2,2.039,5,24.232,0,"[25, 17, 24, 17, 24]"
2025-11-19 23:46:21.608,,vehiclee2@localhost,astar,16,4.581,33,205.482,0,"[25, 17, 25, 17, 25, 17, 25, 17, 24, 17, 25, 17, 24, 17, 24, 17, 24, 17, 25, 17, 24, 17, 24, 17, 24, 17, 25, 17, 24, 17, 24, 17, 24]"
2025-11-19 23:46:23.551,,order_202000015,astar,1,1.013,2,4.985,0.162,"[Node(16), Node(17)]"
2025-11-19 23:46:23.557,,vehiclee1@localhost,astar,4,4.595,9,52.043,0,"[24, 17, 25, 17, 24, 17, 25, 16, 17]"
2025-11-19 23:46:23.559,,order_202000015,astar,1,1.545,2,7.049,0.162,"[Node(16), Node(17)]"
2025-11-19 23:46:23.560,,vehiclee2@localhost,astar,1,1.018,3,11.239,0,"[24, 16, 17]"
2025-11-19 23:46:23.562,,order_202000015,astar,1,1.015,2,4.985,0.162,"[Node(16), Node(17)]"
2025-11-19 23:46:23.566,,vehiclee3@localhost,astar,2,3.06,5,23.026,0,"[25, 17, 24, 16, 17]"
2025-11-19 23:46:25.585,,order_102000055,astar,1,1.019,5,6.89,0.565,"[Node(17), Node(22), Node(23), Node(24), Node(25)]"
2025-11-19 23:46:25.602,,vehiclee1@localhost,astar,4,3.047,9,53.948,0,"[24, 17, 24, 17, 25, 17, 25, 17, 25]"
2025-11-19 23:46:25.604,,order_102000055,astar,1,1.018,5,8.954,0.565,"[Node(17), Node(22), Node(23), Node(24), Node(25)]"
2025-11-19 23:46:25.608,,order_102000055,astar,1,1.015,5,6.89,0.565,"[Node(17), Node(22), Node(23), Node(24), Node(25)]"
2025-11-19 23:46:25.610,,vehiclee3@localhost,astar,2,2.546,5,25.402,0,"[25, 17, 25, 17, 24]"
2025-11-19 23:46:26.581,,vehiclee2@localhost,astar,17,5.107,35,215.094,0,"[18, 17, 25, 17, 25, 17, 25, 17, 25, 17, 24, 17, 24, 17, 24, 17, 24, 17, 24, 17, 24, 17, 24, 17, 24, 17, 25, 17, 25, 17, 24, 17, 24, 17, 25]"
2025-11-19 23:46:30.607,,order_101000042,astar,1,1.017,4,5.062,0.457,"[Node(17), Node(22), Node(23), Node(24)]"
2025-11-19 23:46:30.623,,order_101000042,astar,1,1.533,4,7.126,0.457,"[Node(17), Node(22), Node(23), Node(24)]"
2025-11-19 23:46:30.631,,order_101000042,astar,1,1.527,4,5.062,0.457,"[Node(17), Node(22), Node(23), Node(24)]"
2025-11-19 23:46:30.633,,vehiclee3@localhost,astar,2,2.047,5,24.232,0,"[25, 17, 24, 17, 24]"
2025-11-19 23:46:30.636,,order_102000056,astar,1,1.041,5,6.89,0.565,"[Node(17), Node(22), Node(23), Node(24), Node(25)]"
2025-11-19 23:46:30.653,,vehiclee1@localhost,astar,4,3.075,9,53.948,0,"[24, 17, 25, 17, 24, 17, 25, 17, 25]"
2025-11-19 23:46:30.655,,order_102000056,astar,1,1.017,5,8.954,0.565,"[Node(17), Node(22), Node(23), Node(24), Node(25)]"
2025-11-19 23:46:30.659,,order_102000056,astar,1,1.522,5,6.89,0.565,"[Node(17), Node(22), Node(23), Node(24), Node(25)]"
2025-11-19 23:46:30.662,,vehiclee3@localhost,astar,2,2.539,5,26.06,0,"[25, 17, 24, 17, 25]"
2025-11-19 23:46:31.612,,vehiclee2@localhost,astar,18,5.097,37,228.709,0,"[18, 17, 24, 17, 25, 17, 25, 17, 24, 17, 25, 17, 25, 17, 24, 17, 24, 17, 24, 17, 24, 17, 24, 17, 24, 17, 24, 17, 25, 17, 25, 17, 24, 17, 25, 17, 25]"
2025-11-19 23:46:31.619,,vehiclee1@localhost,astar,26,6.619,53,17.507,0,"[17, 17, 17, 17, 17, 17, 17, 17, 17, 17, 17, 17, 17, 17, 17, 17, 17, 17, 17, 17, 17, 17, 24, 24, 24, 24, 24, 24, 24, 24, 24, 24, 24, 24, 24, 24, 24, 24, 24, 24, 24, 24, 24, 17, 17, 17, 17, 17, 24, 24, 24, 24, 24]"
2025-11-19 23:46:40.598,,order_102000057,astar,1,1.011,5,6.89,0.565,"[Node(17), Node(22), Node(23), Node(24), Node(25)]"
2025-11-19 23:46:40.601,,vehiclee1@localhost,astar,4,3.054,9,53.948,0,"[24, 17, 25, 17, 25, 17, 24, 17, 25]"
2025-11-19 23:46:40.604,,order_102000057,astar,1,1.548,5,6.89,0.565,"[Node(17), Node(22), Node(23), Node(24), Node(25)]"
2025-11-19 23:46:40.607,,order_102000057,astar,1,1.018,5,6.89,0.565,"[Node(17), Node(22), Node(23), Node(24), Node(25)]"
2025-11-19 23:46:40.610,,vehiclee3@localhost,astar,2,2.042,5,25.402,0,"[25, 17, 25, 17, 24]"
2025-11-19 23:46:41.611,,vehiclee2@localhost,astar,19,4.592,39,239.602,0,"[17, 17, 25, 17, 24, 17, 24, 17, 25, 17, 25, 17, 25, 17, 24, 17, 24, 17, 25, 17, 24, 17, 24, 17, 25, 17, 24, 17, 25, 17, 25, 17, 24, 17, 25, 17, 24, 17, 24]"
2025-11-19 23:46:45.598,,order_102000058,astar,1,1.519,5,6.89,0.565,"[Node(17), Node(22), Node(23), Node(24), Node(25)]"
2025-11-19 23:46:45.601,,vehiclee1@localhost,astar,4,3.046,9,53.948,0,"[24, 17, 24, 17, 25, 17, 25, 17, 25]"
2025-11-19 23:46:45.603,,order_102000058,astar,1,1.018,5,6.89,0.565,"[Node(17), Node(22), Node(23), Node(24), Node(25)]"
2025-11-19 23:46:45.607,,order_102000058,astar,1,1.019,5,6.89,0.565,"[Node(17), Node(22), Node(23), Node(24), Node(25)]"
2025-11-19 23:46:45.610,,vehiclee3@localhost,astar,2,2.536,5,25.402,0,"[25, 17, 25, 17, 24]"
2025-11-19 23:46:45.612,,order_101000043,astar,1,1.044,4,5.062,0.457,"[Node(17), Node(22), Node(23), Node(24)]"
2025-11-19 23:46:45.615,,vehiclee1@localhost,astar,4,2.553,9,52.12,0,"[24, 17, 24, 17, 25, 17, 25, 17, 24]"
2025-11-19 23:46:45.617,,order_101000043,astar,1,1.018,4,5.062,0.457,"[Node(17), Node(22), Node(23), Node(24)]"
2025-11-19 23:46:45.622,,order_101000043,astar,1,1.018,4,5.062,0.457,"[Node(17), Node(22), Node(23), Node(24)]"
2025-11-19 23:46:45.624,,vehiclee3@localhost,astar,2,2.034,5,24.232,0,"[25, 17, 24, 17, 24]"
2025-11-19 23:46:46.608,,vehiclee2@localhost,astar,20,4.596,41,252.047,0,"[17, 17, 24, 17, 25, 17, 24, 17, 24, 17, 25, 17, 25, 17, 25, 17, 24, 17, 24, 17, 24, 17, 24, 17, 24, 17, 24, 17, 25, 17, 25, 17, 24, 17, 25, 17, 25, 17, 25, 17, 24]"
2025-11-19 23:46:46.615,,vehiclee2@localhost,astar,21,6.094,43,266.32,0,"[17, 17, 25, 17, 25, 17, 25, 17, 25, 17, 24, 17, 24, 17, 24, 17, 25, 17, 24, 17, 25, 17, 25, 17, 24, 17, 25, 17, 24, 17, 24, 17, 24, 17, 24, 17, 24, 17, 25, 17, 24, 17, 25]"
2025-11-19 23:46:50.586,,order_101000044,astar,1,1.021,4,5.062,0.457,"[Node(17), Node(22), Node(23), Node(24)]"
2025-11-19 23:46:50.590,,vehiclee1@localhost,astar,4,3.046,9,52.778,0,"[24, 17, 24, 17, 25, 17, 24, 17, 25]"
2025-11-19 23:46:50.593,,order_101000044,astar,1,1.561,4,5.062,0.457,"[Node(17), Node(22), Node(23), Node(24)]"
2025-11-19 23:46:50.601,,order_101000044,astar,1,1.523,4,5.062,0.457,"[Node(17), Node(22), Node(23), Node(24)]"
2025-11-19 23:46:50.604,,vehiclee3@localhost,astar,2,2.552,5,24.232,0,"[25, 17, 24, 17, 24]"
2025-11-19 23:46:51.585,,vehiclee2@localhost,astar,22,5.594,45,278.107,0,"[17, 17, 25, 17, 25, 17, 24, 17, 24, 17, 24, 17, 24, 17, 25, 17, 25, 17, 25, 17, 24, 17, 24, 17, 24, 17, 25, 17, 25, 17, 25, 17, 25, 17, 24, 17, 24, 17, 24, 17, 24, 17, 25, 17, 24]"
2025-11-19 23:46:55.606,,order_102000059,astar,1,1.019,5,6.89,0.565,"[Node(17), Node(22), Node(23), Node(24), Node(25)]"
2025-11-19 23:46:55.609,,vehiclee1@localhost,astar,4,3.057,9,53.948,0,"[24, 17, 25, 17, 25, 17, 24, 17, 25]"
2025-11-19 23:46:55.612,,order_102000059,astar,1,1.02,5,6.89,0.565,"[Node(17), Node(22), Node(23), Node(24), Node(25)]"
2025-11-19 23:46:55.615,,order_102000059,astar,1,1.021,5,6.89,0.565,"[Node(17), Node(22), Node(23), Node(24), Node(25)]"
2025-11-19 23:46:55.618,,vehiclee3@localhost,astar,2,2.544,5,26.06,0,"[25, 17, 24, 17, 25]"
2025-11-19 23:46:55.621,,order_101000045,astar,1,1.013,4,5.062,0.457,"[Node(17), Node(22), Node(23), Node(24)]"
2025-11-19 23:46:55.624,,vehiclee1@localhost,astar,4,3.057,9,52.12,0,"[24, 17, 24, 17, 25, 17, 25, 17, 24]"
2025-11-19 23:46:55.626,,order_101000045,astar,1,1.015,4,5.062,0.457,"[Node(17), Node(22), Node(23), Node(24)]"
2025-11-19 23:46:55.631,,order_101000045,astar,1,1.018,4,5.062,0.457,"[Node(17), Node(22), Node(23), Node(24)]"
2025-11-19 23:46:55.634,,vehiclee3@localhost,astar,2,2.55,5,24.232,0,"[25, 17, 24, 17, 24]"
2025-11-19 23:46:56.613,,vehiclee2@localhost,astar,23,5.089,47,292.38,0,"[17, 17, 24, 17, 24, 17, 25, 17, 25, 17, 25, 17, 25, 17, 24, 17, 24, 17, 24, 17, 24, 17, 24, 17, 24, 17, 25, 17, 25, 17, 24, 17, 24, 17, 25, 17, 25, 17, 25, 17, 24, 17, 25, 17, 24, 17, 25]"
2025-11-19 23:46:56.621,,vehiclee2@localhost,astar,24,6.098,49,304.167,0,"[17, 17, 25, 17, 25, 17, 24, 17, 25, 17, 24, 17, 24, 17, 25, 17, 24, 17, 25, 17, 25, 17, 25, 17, 25, 17, 25, 17, 24, 17, 24, 17, 24, 17, 24, 17, 24, 17, 24, 17, 25, 17, 24, 17, 24, 17, 25, 17, 24]"
2025-11-19 23:47:05.591,,order_101000046,astar,1,1.019,4,5.062,0.457,"[Node(17), Node(22), Node(23), Node(24)]"
2025-11-19 23:47:05.595,,vehiclee1@localhost,astar,4,3.059,9,52.778,0,"[24, 17, 25, 17, 24, 17, 24, 17, 25]"
2025-11-19 23:47:05.597,,order_101000046,astar,1,1.036,4,5.062,0.457,"[Node(17), Node(22), Node(23), Node(24)]"
2025-11-19 23:47:05.602,,order_101000046,astar,1,1.025,4,5.062,0.457,"[Node(17), Node(22), Node(23), Node(24)]"
2025-11-19 23:47:05.605,,vehiclee3@localhost,astar,2,2.048,5,24.232,0,"[25, 17, 24, 17, 24]"
2025-11-19 23:47:06.578,,vehiclee2@localhost,astar,25,6.1,51,316.612,0,"[17, 17, 25, 17, 24, 17, 24, 17, 25, 17, 25, 17, 25, 17, 24, 17, 24, 17, 24, 17, 24, 17, 24, 17, 24, 17, 24, 17, 25, 17, 25, 17, 24, 17, 24, 17, 25, 17, 25, 17, 25, 17, 24, 17, 25, 17, 25, 17, 24, 17, 24]"
2025-11-19 23:47:10.601,,order_101000047,astar,1,1.019,4,5.062,0.457,"[Node(17), Node(22), Node(23), Node(24)]"
2025-11-19 23:47:10.604,,vehiclee1@localhost,astar,4,3.056,9,52.12,0,"[24, 17, 24, 17, 25, 17, 25, 17, 24]"
2025-11-19 23:47:10.606,,order_101000047,astar,1,1.017,4,5.062,0.457,"[Node(17), Node(22), Node(23), Node(24)]"
2025-11-19 23:47:10.611,,order_101000047,astar,1,1.014,4,5.062,0.457,"[Node(17), Node(22), Node(23), Node(24)]"
2025-11-19 23:47:10.613,,vehiclee3@localhost,astar,2,2.034,5,24.232,0,"[25, 17, 24, 17, 24]"
2025-11-19 23:47:10.615,,order_102000060,astar,1,1.015,5,6.89,0.565,"[Node(17), Node(22), Node(23), Node(24), Node(25)]"
2025-11-19 23:47:10.618,,vehiclee1@localhost,astar,4,3.05,9,53.948,0,"[24, 17, 24, 17, 25, 17, 25, 17, 25]"
2025-11-19 23:47:10.620,,order_102000060,astar,1,1.013,5,6.89,0.565,"[Node(17), Node(22), Node(23), Node(24), Node(25)]"
2025-11-19 23:47:10.624,,order_102000060,astar,1,1.023,5,6.89,0.565,"[Node(17), Node(22), Node(23), Node(24), Node(25)]"
2025-11-19 23:47:10.627,,vehiclee3@localhost,astar,2,3.068,5,26.06,0,"[25, 17, 24, 17, 25]"
